
USE Bd_Malloc_your_Muscle;

-- Insertion des abonnements
INSERT INTO Abonnements (Nom_abonnements, prix, périodicité, modalité_de_paiement) VALUES
('Mensuel', 30.0, '1 mois', 'Carte bancaire'),
('Trimestriel', 80.0, '3 mois', 'Virement bancaire'),
('Annuel', 280.0, '12 mois', 'Prélèvement automatique'),
('Hebdomadaire', 10.0, '1 semaine', 'Espèces'),
('Semestriel', 150.0, '6 mois', 'Chèque');

-- Insertion des salles
INSERT INTO Salles (Code_postal, Ville) VALUES
('75001', 'Paris'),
('69001', 'Lyon'),
('13001', 'Marseille'),
('31000', 'Toulouse'),
('33000', 'Bordeaux'),
('06000', 'Nice'),
('44000', 'Nantes'),
('67000', 'Strasbourg'),
('59000', 'Lille'),
('35000', 'Rennes');

-- Insertion des adhérents
INSERT INTO Adhérents (Id_adhérent, Code_postal_adhérent, Nom_adhérent, Prenom_adhérent, Téléphone, Mail_adhérent, Date_debut, Date_fin, Id_abonnements) VALUES
(1, '31000', 'Richard', 'Julien', '0679973673', 'julien.richard1@email.com', '2021-05-27', '2024-09-15', 5),
(2, '67000', 'Petit', 'Pierre', '0623566861', 'pierre.petit2@email.com', '2023-09-02', '2025-07-20', 4),
(3, '67000', 'Petit', 'Marie', '0615249589', 'marie.petit3@email.com', '2022-11-24', '2025-09-17', 3),
(4, '33000', 'Thomas', 'Pierre', '0645870728', 'pierre.thomas4@email.com', '2023-02-24', '2025-10-12', 1),
(5, '33000', 'Richard', 'Marie', '0648461578', 'marie.richard5@email.com', '2023-01-22', '2025-09-15', 4),
(6, '31000', 'Dupont', 'Marie', '0699412602', 'marie.dupont6@email.com', '2022-09-11', '2024-12-03', 2),
(7, '75001', 'Petit', 'Lucie', '0698768820', 'lucie.petit7@email.com', '2023-09-08', '2024-11-25', 3),
(8, '33000', 'Robert', 'Pierre', '0614060476', 'pierre.robert8@email.com', '2021-06-05', '2024-02-07', 1),
(9, '44000', 'Durand', 'Pierre', '0698234213', 'pierre.durand9@email.com', '2022-08-03', '2025-11-12', 2),
(10, '44000', 'Dupont', 'Lucie', '0637912428', 'lucie.dupont10@email.com', '2021-06-02', '2024-03-19', 1),
(11, '06000', 'Leroy', 'Julien', '0614799829', 'julien.leroy11@email.com', '2022-10-09', '2024-07-19', 5),
(12, '13001', 'Dupont', 'Pierre', '0649741029', 'pierre.dupont12@email.com', '2021-01-18', '2025-04-15', 1),
(13, '75001', 'Leroy', 'Sophie', '0671427452', 'sophie.leroy13@email.com', '2022-11-14', '2025-08-20', 4),
(14, '13001', 'Leroy', 'Pierre', '0627744891', 'pierre.leroy14@email.com', '2023-09-25', '2024-05-26', 1),
(15, '44000', 'Dupont', 'Marie', '0695243610', 'marie.dupont15@email.com', '2021-07-25', '2024-09-21', 3),
(16, '33000', 'Leroy', 'Julien', '0622325031', 'julien.leroy16@email.com', '2022-09-23', '2025-05-11', 3),
(17, '13001', 'Dupont', 'Nicolas', '0626578964', 'nicolas.dupont17@email.com', '2022-01-15', '2024-12-21', 3),
(18, '35000', 'Durand', 'Marie', '0694836855', 'marie.durand18@email.com', '2023-10-26', '2024-02-13', 2),
(19, '75001', 'Dubois', 'Lucie', '0656325071', 'lucie.dubois19@email.com', '2022-11-09', '2024-09-06', 4),
(20, '33000', 'Dubois', 'Marie', '0637350357', 'marie.dubois20@email.com', '2021-09-10', '2024-03-27', 3),
(21, '33000', 'Dupont', 'Pierre', '0684319717', 'pierre.dupont21@email.com', '2022-08-10', '2025-10-18', 3),
(22, '75001', 'Robert', 'Julien', '0655108865', 'julien.robert22@email.com', '2021-09-15', '2025-09-05', 5),
(23, '06000', 'Richard', 'Julien', '0649931953', 'julien.richard23@email.com', '2021-03-14', '2024-12-01', 4),
(24, '75001', 'Richard', 'Louis', '0611518929', 'louis.richard24@email.com', '2022-05-08', '2024-02-17', 2),
(25, '13001', 'Leroy', 'Paul', '0643915946', 'paul.leroy25@email.com', '2023-03-10', '2024-12-09', 3),
(26, '67000', 'Dubois', 'Emma', '0697166425', 'emma.dubois26@email.com', '2021-12-25', '2024-10-22', 1),
(27, '44000', 'Dupont', 'Pierre', '0617552728', 'pierre.dupont27@email.com', '2021-04-24', '2025-11-22', 2),
(28, '13001', 'Martin', 'Jean', '0646006151', 'jean.martin28@email.com', '2021-04-24', '2025-04-18', 3),
(29, '31000', 'Richard', 'Pierre', '0640303583', 'pierre.richard29@email.com', '2023-07-10', '2025-12-10', 3),
(30, '13001', 'Richard', 'Louis', '0611706957', 'louis.richard30@email.com', '2022-10-03', '2024-07-09', 3),
(31, '69001', 'Petit', 'Emma', '0653415696', 'emma.petit31@email.com', '2022-06-19', '2025-02-12', 3),
(32, '35000', 'Bernard', 'Emma', '0675672570', 'emma.bernard32@email.com', '2022-01-20', '2025-05-28', 3),
(33, '59000', 'Bernard', 'Pierre', '0684028007', 'pierre.bernard33@email.com', '2022-12-06', '2024-08-18', 3),
(34, '75001', 'Dupont', 'Pierre', '0682807434', 'pierre.dupont34@email.com', '2023-01-14', '2025-12-28', 4),
(35, '59000', 'Petit', 'Paul', '0682234863', 'paul.petit35@email.com', '2022-01-09', '2024-05-11', 4),
(36, '59000', 'Thomas', 'Louis', '0656158465', 'louis.thomas36@email.com', '2023-09-03', '2025-03-27', 1),
(37, '35000', 'Durand', 'Paul', '0624397614', 'paul.durand37@email.com', '2022-05-06', '2024-09-09', 4),
(38, '31000', 'Martin', 'Paul', '0621766861', 'paul.martin38@email.com', '2023-02-05', '2025-02-03', 4),
(39, '67000', 'Thomas', 'Emma', '0685860718', 'emma.thomas39@email.com', '2023-09-15', '2024-02-07', 4),
(40, '33000', 'Dubois', 'Louis', '0623939261', 'louis.dubois40@email.com', '2021-12-04', '2025-10-04', 2),
(41, '67000', 'Dubois', 'Jean', '0685355617', 'jean.dubois41@email.com', '2022-10-06', '2024-01-24', 4),
(42, '06000', 'Bernard', 'Jean', '0631792372', 'jean.bernard42@email.com', '2022-10-10', '2024-08-06', 3),
(43, '59000', 'Richard', 'Emma', '0630143372', 'emma.richard43@email.com', '2021-08-16', '2024-02-12', 2),
(44, '35000', 'Petit', 'Emma', '0655050133', 'emma.petit44@email.com', '2021-05-09', '2025-01-08', 3),
(45, '06000', 'Robert', 'Paul', '0633530085', 'paul.robert45@email.com', '2021-02-06', '2025-10-16', 1),
(46, '69001', 'Richard', 'Pierre', '0645079692', 'pierre.richard46@email.com', '2021-02-14', '2025-11-25', 4),
(47, '06000', 'Martin', 'Jean', '0696641175', 'jean.martin47@email.com', '2023-12-02', '2025-02-27', 5),
(48, '35000', 'Thomas', 'Nicolas', '0687192246', 'nicolas.thomas48@email.com', '2023-02-28', '2025-04-11', 4),
(49, '13001', 'Leroy', 'Emma', '0697711651', 'emma.leroy49@email.com', '2023-09-15', '2024-08-11', 5),
(50, '75001', 'Richard', 'Louis', '0646628368', 'louis.richard50@email.com', '2023-03-27', '2025-09-01', 3),
(51, '59000', 'Thomas', 'Marie', '0666254833', 'marie.thomas51@email.com', '2022-02-15', '2024-06-08', 5),
(52, '69001', 'Petit', 'Nicolas', '0633965634', 'nicolas.petit52@email.com', '2021-10-15', '2024-03-27', 3),
(53, '35000', 'Thomas', 'Jean', '0644571283', 'jean.thomas53@email.com', '2021-02-19', '2024-03-20', 3),
(54, '69001', 'Thomas', 'Paul', '0623383228', 'paul.thomas54@email.com', '2021-03-16', '2025-02-08', 4),
(55, '06000', 'Leroy', 'Marie', '0681115699', 'marie.leroy55@email.com', '2023-10-06', '2025-05-15', 4),
(56, '44000', 'Bernard', 'Lucie', '0632771217', 'lucie.bernard56@email.com', '2021-03-17', '2024-05-25', 2),
(57, '44000', 'Dubois', 'Lucie', '0630658618', 'lucie.dubois57@email.com', '2022-10-24', '2025-02-15', 5),
(58, '13001', 'Leroy', 'Emma', '0684079963', 'emma.leroy58@email.com', '2021-09-16', '2025-06-22', 5),
(59, '59000', 'Robert', 'Jean', '0695729379', 'jean.robert59@email.com', '2023-12-14', '2024-05-27', 2),
(60, '69001', 'Dupont', 'Paul', '0641088602', 'paul.dupont60@email.com', '2023-08-20', '2024-06-27', 4),
(61, '44000', 'Martin', 'Nicolas', '0626853074', 'nicolas.martin61@email.com', '2022-08-05', '2025-10-28', 5),
(62, '06000', 'Richard', 'Pierre', '0667103658', 'pierre.richard62@email.com', '2023-02-12', '2024-01-15', 2),
(63, '06000', 'Petit', 'Jean', '0616785905', 'jean.petit63@email.com', '2021-08-10', '2024-04-24', 3),
(64, '67000', 'Dupont', 'Sophie', '0641430518', 'sophie.dupont64@email.com', '2022-03-21', '2025-12-02', 4),
(65, '33000', 'Richard', 'Julien', '0695296188', 'julien.richard65@email.com', '2021-10-25', '2024-03-08', 3),
(66, '35000', 'Thomas', 'Lucie', '0673044340', 'lucie.thomas66@email.com', '2022-11-17', '2025-03-08', 5),
(67, '75001', 'Dubois', 'Sophie', '0673418058', 'sophie.dubois67@email.com', '2022-01-15', '2025-02-22', 3),
(68, '13001', 'Dupont', 'Lucie', '0627712173', 'lucie.dupont68@email.com', '2021-08-22', '2025-03-17', 2),
(69, '69001', 'Bernard', 'Emma', '0647301722', 'emma.bernard69@email.com', '2023-05-07', '2024-04-24', 5),
(70, '33000', 'Leroy', 'Marie', '0653259116', 'marie.leroy70@email.com', '2021-02-25', '2025-08-26', 3),
(71, '06000', 'Dupont', 'Marie', '0650988262', 'marie.dupont71@email.com', '2022-06-25', '2024-10-26', 3),
(72, '35000', 'Dupont', 'Marie', '0658974635', 'marie.dupont72@email.com', '2021-08-24', '2024-04-26', 3),
(73, '69001', 'Petit', 'Sophie', '0644325955', 'sophie.petit73@email.com', '2023-07-20', '2025-05-19', 5),
(74, '35000', 'Thomas', 'Lucie', '0658925167', 'lucie.thomas74@email.com', '2022-11-15', '2024-06-10', 3),
(75, '06000', 'Thomas', 'Emma', '0683191345', 'emma.thomas75@email.com', '2023-02-23', '2025-01-19', 3),
(76, '59000', 'Richard', 'Julien', '0654365804', 'julien.richard76@email.com', '2023-03-11', '2024-08-02', 1),
(77, '67000', 'Richard', 'Pierre', '0654386690', 'pierre.richard77@email.com', '2021-07-19', '2025-07-06', 1),
(78, '69001', 'Leroy', 'Julien', '0659622127', 'julien.leroy78@email.com', '2021-01-07', '2025-09-28', 4),
(79, '59000', 'Martin', 'Pierre', '0627247165', 'pierre.martin79@email.com', '2021-10-14', '2024-01-08', 5),
(80, '75001', 'Bernard', 'Pierre', '0642492036', 'pierre.bernard80@email.com', '2021-02-17', '2024-10-14', 2),
(81, '13001', 'Dupont', 'Marie', '0683687220', 'marie.dupont81@email.com', '2022-04-15', '2025-01-04', 1),
(82, '06000', 'Thomas', 'Emma', '0652463535', 'emma.thomas82@email.com', '2023-05-22', '2024-10-02', 1),
(83, '06000', 'Petit', 'Lucie', '0655982328', 'lucie.petit83@email.com', '2022-12-22', '2025-11-05', 5),
(84, '31000', 'Dupont', 'Emma', '0668125146', 'emma.dupont84@email.com', '2022-03-20', '2024-02-03', 5),
(85, '75001', 'Dubois', 'Louis', '0687868469', 'louis.dubois85@email.com', '2021-10-18', '2025-02-07', 5),
(86, '59000', 'Petit', 'Lucie', '0612472865', 'lucie.petit86@email.com', '2021-05-14', '2025-08-19', 2),
(87, '06000', 'Thomas', 'Lucie', '0628084202', 'lucie.thomas87@email.com', '2021-01-11', '2025-03-16', 4),
(88, '69001', 'Bernard', 'Jean', '0651656276', 'jean.bernard88@email.com', '2022-05-05', '2024-04-03', 5),
(89, '06000', 'Robert', 'Marie', '0636915667', 'marie.robert89@email.com', '2023-07-09', '2024-11-28', 3),
(90, '59000', 'Martin', 'Louis', '0644187549', 'louis.martin90@email.com', '2021-12-20', '2025-11-05', 3),
(91, '59000', 'Leroy', 'Marie', '0645528284', 'marie.leroy91@email.com', '2022-12-07', '2025-12-06', 5),
(92, '59000', 'Dupont', 'Paul', '0621180782', 'paul.dupont92@email.com', '2023-06-23', '2025-03-14', 3),
(93, '06000', 'Durand', 'Jean', '0642523092', 'jean.durand93@email.com', '2021-04-25', '2024-05-28', 1),
(94, '31000', 'Dupont', 'Nicolas', '0693569825', 'nicolas.dupont94@email.com', '2022-03-11', '2025-05-19', 1),
(95, '69001', 'Dubois', 'Marie', '0699749781', 'marie.dubois95@email.com', '2021-09-27', '2024-04-08', 3),
(96, '13001', 'Robert', 'Julien', '0683449334', 'julien.robert96@email.com', '2023-03-14', '2025-04-10', 5),
(97, '13001', 'Durand', 'Paul', '0697748983', 'paul.durand97@email.com', '2023-02-18', '2024-08-19', 1),
(98, '33000', 'Bernard', 'Lucie', '0694842604', 'lucie.bernard98@email.com', '2022-06-07', '2024-02-19', 4),
(99, '44000', 'Bernard', 'Julien', '0631251217', 'julien.bernard99@email.com', '2023-11-06', '2024-12-28', 3),
(100, '44000', 'Leroy', 'Jean', '0674091462', 'jean.leroy100@email.com', '2023-10-19', '2024-04-21', 3),
(101, '75001', 'Leroy', 'Pierre', '0645578374', 'pierre.leroy101@email.com', '2022-09-25', '2024-07-12', 5),
(102, '35000', 'Martin', 'Lucie', '0678056382', 'lucie.martin102@email.com', '2022-12-28', '2025-04-19', 1),
(103, '35000', 'Leroy', 'Jean', '0643092023', 'jean.leroy103@email.com', '2022-10-07', '2025-10-23', 1),
(104, '33000', 'Petit', 'Jean', '0694089120', 'jean.petit104@email.com', '2021-03-11', '2024-07-04', 4),
(105, '33000', 'Thomas', 'Jean', '0688373178', 'jean.thomas105@email.com', '2023-01-01', '2024-01-12', 3),
(106, '31000', 'Durand', 'Jean', '0666847819', 'jean.durand106@email.com', '2023-07-26', '2025-09-19', 1),
(107, '33000', 'Dubois', 'Marie', '0687322828', 'marie.dubois107@email.com', '2023-05-02', '2025-05-25', 4),
(108, '75001', 'Martin', 'Pierre', '0693322218', 'pierre.martin108@email.com', '2023-04-12', '2024-10-26', 4),
(109, '59000', 'Durand', 'Emma', '0662504216', 'emma.durand109@email.com', '2021-10-12', '2025-04-24', 1),
(110, '75001', 'Bernard', 'Sophie', '0636021202', 'sophie.bernard110@email.com', '2023-02-24', '2025-07-07', 5),
(111, '44000', 'Dupont', 'Paul', '0638574163', 'paul.dupont111@email.com', '2023-05-01', '2024-10-06', 1),
(112, '44000', 'Leroy', 'Julien', '0615490840', 'julien.leroy112@email.com', '2022-10-12', '2024-06-25', 4),
(113, '67000', 'Leroy', 'Nicolas', '0647864441', 'nicolas.leroy113@email.com', '2021-08-05', '2024-02-25', 4),
(114, '33000', 'Leroy', 'Pierre', '0643599857', 'pierre.leroy114@email.com', '2023-06-03', '2025-09-09', 1),
(115, '75001', 'Thomas', 'Marie', '0654095592', 'marie.thomas115@email.com', '2021-12-22', '2024-04-07', 4),
(116, '69001', 'Richard', 'Pierre', '0646798223', 'pierre.richard116@email.com', '2022-03-18', '2025-04-09', 2),
(117, '44000', 'Leroy', 'Paul', '0677819289', 'paul.leroy117@email.com', '2022-08-22', '2024-04-07', 5),
(118, '69001', 'Petit', 'Marie', '0694168560', 'marie.petit118@email.com', '2021-01-02', '2024-10-13', 5),
(119, '59000', 'Robert', 'Nicolas', '0666665833', 'nicolas.robert119@email.com', '2022-04-13', '2024-01-26', 5),
(120, '31000', 'Dubois', 'Lucie', '0698960460', 'lucie.dubois120@email.com', '2021-11-20', '2025-09-08', 1),
(121, '69001', 'Durand', 'Lucie', '0686148575', 'lucie.durand121@email.com', '2023-03-09', '2024-11-27', 5),
(122, '75001', 'Leroy', 'Julien', '0616598488', 'julien.leroy122@email.com', '2023-08-04', '2025-04-04', 5),
(123, '06000', 'Durand', 'Julien', '0612354453', 'julien.durand123@email.com', '2022-04-16', '2024-08-16', 5),
(124, '44000', 'Robert', 'Sophie', '0686422609', 'sophie.robert124@email.com', '2022-03-20', '2025-01-24', 3),
(125, '06000', 'Thomas', 'Sophie', '0677209266', 'sophie.thomas125@email.com', '2021-09-26', '2024-05-26', 5),
(126, '75001', 'Leroy', 'Paul', '0649618918', 'paul.leroy126@email.com', '2021-01-05', '2024-05-05', 1),
(127, '31000', 'Leroy', 'Jean', '0666081750', 'jean.leroy127@email.com', '2021-01-24', '2024-05-19', 2),
(128, '69001', 'Petit', 'Pierre', '0698441706', 'pierre.petit128@email.com', '2023-09-02', '2025-02-10', 5),
(129, '06000', 'Dupont', 'Julien', '0680609789', 'julien.dupont129@email.com', '2022-10-22', '2024-01-22', 2),
(130, '67000', 'Robert', 'Lucie', '0683851527', 'lucie.robert130@email.com', '2023-08-22', '2025-05-13', 1),
(131, '35000', 'Richard', 'Nicolas', '0629696830', 'nicolas.richard131@email.com', '2021-03-09', '2025-08-13', 2),
(132, '35000', 'Dubois', 'Lucie', '0633737416', 'lucie.dubois132@email.com', '2021-04-22', '2024-05-07', 2),
(133, '44000', 'Thomas', 'Marie', '0648295534', 'marie.thomas133@email.com', '2022-06-06', '2024-10-18', 5),
(134, '35000', 'Petit', 'Lucie', '0615204839', 'lucie.petit134@email.com', '2023-04-13', '2025-08-22', 2),
(135, '75001', 'Martin', 'Louis', '0620949445', 'louis.martin135@email.com', '2023-08-07', '2025-09-02', 3),
(136, '33000', 'Durand', 'Marie', '0625249670', 'marie.durand136@email.com', '2023-10-19', '2024-05-12', 3),
(137, '75001', 'Thomas', 'Julien', '0631384936', 'julien.thomas137@email.com', '2022-10-26', '2025-12-15', 2),
(138, '75001', 'Petit', 'Emma', '0652957927', 'emma.petit138@email.com', '2022-08-02', '2025-07-22', 2),
(139, '75001', 'Robert', 'Marie', '0693411622', 'marie.robert139@email.com', '2021-06-16', '2024-01-27', 2),
(140, '75001', 'Richard', 'Julien', '0641474632', 'julien.richard140@email.com', '2023-05-26', '2024-11-13', 5),
(141, '35000', 'Martin', 'Julien', '0694524083', 'julien.martin141@email.com', '2021-01-21', '2025-05-27', 2),
(142, '13001', 'Petit', 'Pierre', '0674622090', 'pierre.petit142@email.com', '2021-04-11', '2024-02-03', 5),
(143, '59000', 'Petit', 'Lucie', '0636877876', 'lucie.petit143@email.com', '2023-06-06', '2024-09-08', 3),
(144, '31000', 'Dupont', 'Jean', '0637399129', 'jean.dupont144@email.com', '2022-07-03', '2025-09-04', 2),
(145, '75001', 'Petit', 'Sophie', '0610359713', 'sophie.petit145@email.com', '2023-11-18', '2024-09-13', 4),
(146, '31000', 'Leroy', 'Pierre', '0678593921', 'pierre.leroy146@email.com', '2023-06-01', '2025-07-02', 3),
(147, '67000', 'Petit', 'Lucie', '0694111959', 'lucie.petit147@email.com', '2022-12-27', '2025-10-23', 1),
(148, '67000', 'Dupont', 'Sophie', '0639806362', 'sophie.dupont148@email.com', '2023-04-27', '2024-11-05', 1),
(149, '31000', 'Martin', 'Sophie', '0666988185', 'sophie.martin149@email.com', '2022-11-21', '2025-12-21', 5),
(150, '06000', 'Martin', 'Paul', '0628385380', 'paul.martin150@email.com', '2023-10-06', '2025-10-06', 2),
(151, '75001', 'Leroy', 'Marie', '0664792964', 'marie.leroy151@email.com', '2023-09-16', '2024-07-18', 1),
(152, '44000', 'Dubois', 'Pierre', '0619320330', 'pierre.dubois152@email.com', '2023-05-21', '2025-12-08', 2),
(153, '13001', 'Richard', 'Julien', '0662278657', 'julien.richard153@email.com', '2023-06-20', '2025-11-13', 2),
(154, '35000', 'Petit', 'Marie', '0677969291', 'marie.petit154@email.com', '2023-07-28', '2024-02-05', 1),
(155, '31000', 'Richard', 'Paul', '0621574873', 'paul.richard155@email.com', '2022-01-14', '2025-11-21', 5),
(156, '35000', 'Dupont', 'Julien', '0610245519', 'julien.dupont156@email.com', '2023-02-14', '2025-01-13', 3),
(157, '33000', 'Richard', 'Nicolas', '0631147935', 'nicolas.richard157@email.com', '2021-01-11', '2025-07-22', 4),
(158, '13001', 'Dupont', 'Jean', '0631373579', 'jean.dupont158@email.com', '2022-04-22', '2025-08-10', 1),
(159, '59000', 'Durand', 'Paul', '0621952147', 'paul.durand159@email.com', '2021-09-19', '2024-05-23', 1),
(160, '06000', 'Dupont', 'Pierre', '0644247430', 'pierre.dupont160@email.com', '2022-02-09', '2024-10-20', 3),
(161, '06000', 'Dubois', 'Julien', '0638231529', 'julien.dubois161@email.com', '2021-05-15', '2024-05-07', 2),
(162, '31000', 'Dubois', 'Lucie', '0682010907', 'lucie.dubois162@email.com', '2023-09-28', '2024-07-18', 3),
(163, '69001', 'Petit', 'Julien', '0636162982', 'julien.petit163@email.com', '2022-06-25', '2025-12-12', 4),
(164, '67000', 'Leroy', 'Pierre', '0667496071', 'pierre.leroy164@email.com', '2022-05-13', '2025-12-06', 3),
(165, '31000', 'Leroy', 'Julien', '0612847754', 'julien.leroy165@email.com', '2022-01-28', '2024-07-06', 2),
(166, '06000', 'Thomas', 'Paul', '0620606262', 'paul.thomas166@email.com', '2023-07-22', '2024-04-24', 4),
(167, '06000', 'Dupont', 'Nicolas', '0616704837', 'nicolas.dupont167@email.com', '2023-10-20', '2025-08-10', 5),
(168, '35000', 'Thomas', 'Nicolas', '0686970565', 'nicolas.thomas168@email.com', '2023-07-25', '2025-11-15', 4),
(169, '31000', 'Petit', 'Pierre', '0631830326', 'pierre.petit169@email.com', '2022-07-07', '2024-11-26', 4),
(170, '69001', 'Dubois', 'Nicolas', '0699679161', 'nicolas.dubois170@email.com', '2022-02-10', '2024-07-21', 5),
(171, '35000', 'Durand', 'Louis', '0628735348', 'louis.durand171@email.com', '2021-08-02', '2025-03-17', 1),
(172, '13001', 'Durand', 'Lucie', '0657971783', 'lucie.durand172@email.com', '2023-05-27', '2025-12-06', 4),
(173, '06000', 'Thomas', 'Marie', '0673114706', 'marie.thomas173@email.com', '2023-08-03', '2024-11-18', 4),
(174, '44000', 'Thomas', 'Emma', '0628897017', 'emma.thomas174@email.com', '2022-10-02', '2024-11-17', 5),
(175, '35000', 'Robert', 'Louis', '0618297787', 'louis.robert175@email.com', '2022-05-07', '2025-03-07', 4),
(176, '44000', 'Robert', 'Jean', '0672321335', 'jean.robert176@email.com', '2022-03-20', '2025-02-22', 4),
(177, '75001', 'Bernard', 'Nicolas', '0611935927', 'nicolas.bernard177@email.com', '2022-07-03', '2025-02-10', 4),
(178, '69001', 'Durand', 'Pierre', '0664171463', 'pierre.durand178@email.com', '2023-11-01', '2025-10-22', 1),
(179, '33000', 'Durand', 'Nicolas', '0686610343', 'nicolas.durand179@email.com', '2023-07-11', '2025-08-03', 4),
(180, '06000', 'Dupont', 'Louis', '0625865378', 'louis.dupont180@email.com', '2023-09-19', '2025-02-15', 2),
(181, '67000', 'Bernard', 'Lucie', '0626681545', 'lucie.bernard181@email.com', '2023-10-12', '2024-02-15', 4),
(182, '67000', 'Bernard', 'Jean', '0628468593', 'jean.bernard182@email.com', '2021-07-19', '2025-07-12', 5),
(183, '67000', 'Martin', 'Emma', '0642024061', 'emma.martin183@email.com', '2023-07-06', '2025-03-10', 1),
(184, '75001', 'Leroy', 'Julien', '0634177100', 'julien.leroy184@email.com', '2022-08-17', '2025-05-24', 4),
(185, '35000', 'Thomas', 'Julien', '0614301822', 'julien.thomas185@email.com', '2022-04-26', '2024-06-23', 4),
(186, '44000', 'Bernard', 'Louis', '0685549169', 'louis.bernard186@email.com', '2021-02-12', '2024-10-11', 5),
(187, '69001', 'Bernard', 'Julien', '0698614195', 'julien.bernard187@email.com', '2022-02-23', '2025-01-24', 5),
(188, '67000', 'Robert', 'Paul', '0661311059', 'paul.robert188@email.com', '2022-08-13', '2024-11-22', 1),
(189, '75001', 'Martin', 'Paul', '0687969897', 'paul.martin189@email.com', '2022-11-14', '2024-04-16', 1),
(190, '06000', 'Bernard', 'Lucie', '0617701854', 'lucie.bernard190@email.com', '2021-04-14', '2025-01-20', 3),
(191, '44000', 'Dupont', 'Julien', '0650228950', 'julien.dupont191@email.com', '2023-07-11', '2025-03-27', 1),
(192, '75001', 'Martin', 'Paul', '0628750419', 'paul.martin192@email.com', '2022-10-06', '2024-05-04', 5),
(193, '35000', 'Durand', 'Louis', '0688119980', 'louis.durand193@email.com', '2022-09-05', '2024-01-12', 5),
(194, '06000', 'Dubois', 'Emma', '0628870909', 'emma.dubois194@email.com', '2022-10-10', '2025-12-08', 1),
(195, '67000', 'Martin', 'Marie', '0644901645', 'marie.martin195@email.com', '2022-02-13', '2024-04-11', 4),
(196, '06000', 'Bernard', 'Louis', '0637863332', 'louis.bernard196@email.com', '2021-04-20', '2025-04-08', 4),
(197, '59000', 'Dupont', 'Emma', '0664542723', 'emma.dupont197@email.com', '2023-10-03', '2024-08-26', 4),
(198, '75001', 'Thomas', 'Pierre', '0671331588', 'pierre.thomas198@email.com', '2021-10-17', '2024-11-11', 3),
(199, '44000', 'Bernard', 'Louis', '0699262451', 'louis.bernard199@email.com', '2021-12-23', '2025-10-08', 5),
(200, '31000', 'Richard', 'Lucie', '0672026033', 'lucie.richard200@email.com', '2023-01-27', '2025-01-12', 3),
(201, '44000', 'Robert', 'Lucie', '0694382031', 'lucie.robert201@email.com', '2023-11-24', '2024-02-20', 1),
(202, '75001', 'Bernard', 'Jean', '0688983246', 'jean.bernard202@email.com', '2023-10-13', '2025-05-01', 1),
(203, '35000', 'Richard', 'Paul', '0665774996', 'paul.richard203@email.com', '2021-02-23', '2024-05-18', 3),
(204, '67000', 'Robert', 'Paul', '0639873655', 'paul.robert204@email.com', '2023-07-05', '2024-06-16', 3),
(205, '06000', 'Thomas', 'Julien', '0683264787', 'julien.thomas205@email.com', '2023-02-28', '2025-06-22', 1),
(206, '13001', 'Leroy', 'Jean', '0668827436', 'jean.leroy206@email.com', '2021-02-26', '2025-07-23', 3),
(207, '13001', 'Petit', 'Julien', '0667368596', 'julien.petit207@email.com', '2021-02-03', '2025-09-07', 4),
(208, '75001', 'Bernard', 'Jean', '0694735275', 'jean.bernard208@email.com', '2023-04-08', '2025-03-18', 3),
(209, '35000', 'Thomas', 'Paul', '0645141271', 'paul.thomas209@email.com', '2021-04-27', '2025-06-11', 4),
(210, '59000', 'Petit', 'Sophie', '0681897202', 'sophie.petit210@email.com', '2023-06-21', '2024-02-15', 4),
(211, '67000', 'Thomas', 'Emma', '0650346350', 'emma.thomas211@email.com', '2023-10-16', '2024-03-12', 1),
(212, '67000', 'Robert', 'Jean', '0675712379', 'jean.robert212@email.com', '2023-08-14', '2024-06-21', 2),
(213, '31000', 'Bernard', 'Lucie', '0696641209', 'lucie.bernard213@email.com', '2021-05-12', '2024-11-25', 5),
(214, '13001', 'Durand', 'Jean', '0645610047', 'jean.durand214@email.com', '2021-06-12', '2024-02-25', 5),
(215, '44000', 'Richard', 'Emma', '0652648324', 'emma.richard215@email.com', '2023-02-22', '2025-10-12', 5),
(216, '69001', 'Richard', 'Pierre', '0665240256', 'pierre.richard216@email.com', '2021-07-26', '2025-10-27', 2),
(217, '35000', 'Petit', 'Emma', '0621632377', 'emma.petit217@email.com', '2022-09-02', '2025-12-25', 1),
(218, '13001', 'Dupont', 'Julien', '0647097652', 'julien.dupont218@email.com', '2021-05-07', '2025-05-10', 1),
(219, '31000', 'Dupont', 'Sophie', '0688315383', 'sophie.dupont219@email.com', '2022-02-19', '2024-01-20', 4),
(220, '06000', 'Dubois', 'Emma', '0650002644', 'emma.dubois220@email.com', '2023-12-07', '2025-03-03', 1),
(221, '59000', 'Durand', 'Jean', '0638621139', 'jean.durand221@email.com', '2023-06-14', '2025-05-18', 5),
(222, '59000', 'Martin', 'Louis', '0677968080', 'louis.martin222@email.com', '2022-02-22', '2024-08-24', 1),
(223, '33000', 'Petit', 'Paul', '0624252456', 'paul.petit223@email.com', '2023-09-15', '2025-11-24', 5),
(224, '75001', 'Bernard', 'Nicolas', '0643272206', 'nicolas.bernard224@email.com', '2022-04-01', '2025-04-10', 5),
(225, '35000', 'Robert', 'Emma', '0684614709', 'emma.robert225@email.com', '2023-12-20', '2024-11-19', 1),
(226, '31000', 'Dupont', 'Lucie', '0642856159', 'lucie.dupont226@email.com', '2023-10-21', '2025-06-13', 3),
(227, '59000', 'Robert', 'Pierre', '0612237611', 'pierre.robert227@email.com', '2021-04-18', '2024-03-07', 3),
(228, '35000', 'Dupont', 'Louis', '0690700129', 'louis.dupont228@email.com', '2021-04-23', '2024-08-10', 2),
(229, '13001', 'Thomas', 'Louis', '0634214652', 'louis.thomas229@email.com', '2023-01-12', '2024-03-14', 1),
(230, '31000', 'Bernard', 'Lucie', '0616564101', 'lucie.bernard230@email.com', '2023-03-01', '2025-04-14', 5),
(231, '13001', 'Robert', 'Jean', '0699990837', 'jean.robert231@email.com', '2021-12-24', '2025-10-24', 3),
(232, '69001', 'Durand', 'Pierre', '0680213392', 'pierre.durand232@email.com', '2023-03-26', '2025-04-21', 5),
(233, '31000', 'Martin', 'Lucie', '0624678642', 'lucie.martin233@email.com', '2022-07-18', '2024-11-01', 3),
(234, '59000', 'Dubois', 'Julien', '0675694395', 'julien.dubois234@email.com', '2021-01-07', '2024-06-14', 3),
(235, '69001', 'Thomas', 'Nicolas', '0663787696', 'nicolas.thomas235@email.com', '2021-12-08', '2025-01-21', 4),
(236, '13001', 'Dubois', 'Nicolas', '0651550793', 'nicolas.dubois236@email.com', '2021-10-17', '2024-04-17', 2),
(237, '75001', 'Robert', 'Marie', '0678872462', 'marie.robert237@email.com', '2023-10-25', '2024-08-19', 5),
(238, '31000', 'Petit', 'Jean', '0677786744', 'jean.petit238@email.com', '2021-06-15', '2025-03-09', 3),
(239, '59000', 'Robert', 'Jean', '0624205455', 'jean.robert239@email.com', '2022-04-19', '2024-06-21', 4),
(240, '59000', 'Thomas', 'Emma', '0682767390', 'emma.thomas240@email.com', '2023-11-12', '2024-06-28', 2),
(241, '75001', 'Robert', 'Marie', '0632940319', 'marie.robert241@email.com', '2022-08-08', '2025-10-01', 5),
(242, '44000', 'Martin', 'Jean', '0639246334', 'jean.martin242@email.com', '2023-02-24', '2025-01-04', 4),
(243, '13001', 'Bernard', 'Sophie', '0615946708', 'sophie.bernard243@email.com', '2022-01-05', '2024-12-08', 1),
(244, '13001', 'Robert', 'Emma', '0661971401', 'emma.robert244@email.com', '2021-02-26', '2024-11-07', 1),
(245, '31000', 'Durand', 'Lucie', '0650838308', 'lucie.durand245@email.com', '2021-12-19', '2025-12-18', 5),
(246, '75001', 'Durand', 'Emma', '0658527258', 'emma.durand246@email.com', '2021-10-15', '2024-04-20', 2),
(247, '35000', 'Martin', 'Marie', '0639661655', 'marie.martin247@email.com', '2023-10-26', '2024-12-07', 3),
(248, '67000', 'Dupont', 'Louis', '0660953291', 'louis.dupont248@email.com', '2023-12-08', '2024-02-26', 5),
(249, '44000', 'Bernard', 'Pierre', '0635632155', 'pierre.bernard249@email.com', '2021-06-06', '2024-05-16', 4),
(250, '44000', 'Thomas', 'Nicolas', '0669351561', 'nicolas.thomas250@email.com', '2023-01-05', '2024-02-11', 1),
(251, '67000', 'Durand', 'Louis', '0672738673', 'louis.durand251@email.com', '2022-01-14', '2024-10-13', 4),
(252, '59000', 'Leroy', 'Jean', '0684356149', 'jean.leroy252@email.com', '2023-03-09', '2025-08-18', 3),
(253, '59000', 'Petit', 'Lucie', '0610121811', 'lucie.petit253@email.com', '2023-06-19', '2024-05-17', 2),
(254, '06000', 'Leroy', 'Paul', '0636053003', 'paul.leroy254@email.com', '2021-03-20', '2025-05-13', 1),
(255, '75001', 'Leroy', 'Pierre', '0644763688', 'pierre.leroy255@email.com', '2023-04-21', '2025-10-05', 5),
(256, '44000', 'Durand', 'Jean', '0690518791', 'jean.durand256@email.com', '2023-09-24', '2025-11-26', 2),
(257, '44000', 'Dubois', 'Nicolas', '0640626232', 'nicolas.dubois257@email.com', '2021-03-24', '2025-10-10', 5),
(258, '35000', 'Thomas', 'Jean', '0697665813', 'jean.thomas258@email.com', '2023-02-09', '2025-11-08', 4),
(259, '67000', 'Richard', 'Jean', '0647229660', 'jean.richard259@email.com', '2022-02-07', '2025-02-09', 1),
(260, '13001', 'Dubois', 'Lucie', '0697332536', 'lucie.dubois260@email.com', '2023-06-03', '2024-03-07', 1),
(261, '67000', 'Thomas', 'Paul', '0639840237', 'paul.thomas261@email.com', '2021-07-24', '2025-03-27', 2),
(262, '33000', 'Dubois', 'Lucie', '0644773125', 'lucie.dubois262@email.com', '2023-09-25', '2025-10-15', 5),
(263, '69001', 'Durand', 'Nicolas', '0675279840', 'nicolas.durand263@email.com', '2022-05-15', '2025-08-11', 1),
(264, '31000', 'Dubois', 'Nicolas', '0620628645', 'nicolas.dubois264@email.com', '2023-09-28', '2024-10-01', 2),
(265, '06000', 'Dubois', 'Emma', '0650171159', 'emma.dubois265@email.com', '2022-07-19', '2025-09-11', 5),
(266, '59000', 'Bernard', 'Julien', '0641297780', 'julien.bernard266@email.com', '2021-04-26', '2024-11-07', 4),
(267, '35000', 'Dupont', 'Paul', '0679578084', 'paul.dupont267@email.com', '2022-07-26', '2024-01-10', 3),
(268, '06000', 'Bernard', 'Julien', '0637449363', 'julien.bernard268@email.com', '2023-01-07', '2025-03-02', 4),
(269, '75001', 'Robert', 'Jean', '0697947012', 'jean.robert269@email.com', '2023-11-07', '2024-07-05', 2),
(270, '75001', 'Bernard', 'Emma', '0620677028', 'emma.bernard270@email.com', '2022-12-07', '2024-09-15', 3),
(271, '59000', 'Petit', 'Nicolas', '0615381952', 'nicolas.petit271@email.com', '2022-05-15', '2024-06-21', 4),
(272, '75001', 'Martin', 'Nicolas', '0681324819', 'nicolas.martin272@email.com', '2023-07-04', '2024-06-27', 3),
(273, '35000', 'Durand', 'Julien', '0627336302', 'julien.durand273@email.com', '2021-04-10', '2025-09-03', 4),
(274, '75001', 'Leroy', 'Nicolas', '0695954974', 'nicolas.leroy274@email.com', '2022-02-12', '2024-09-15', 5),
(275, '69001', 'Martin', 'Lucie', '0685623081', 'lucie.martin275@email.com', '2023-09-18', '2024-07-28', 1),
(276, '44000', 'Leroy', 'Sophie', '0656493022', 'sophie.leroy276@email.com', '2021-05-09', '2024-07-24', 1),
(277, '44000', 'Leroy', 'Julien', '0624642032', 'julien.leroy277@email.com', '2021-04-13', '2024-05-01', 4),
(278, '31000', 'Thomas', 'Nicolas', '0679651582', 'nicolas.thomas278@email.com', '2023-12-22', '2024-10-02', 5),
(279, '06000', 'Durand', 'Louis', '0625158095', 'louis.durand279@email.com', '2023-10-20', '2025-11-06', 3),
(280, '06000', 'Petit', 'Julien', '0667199674', 'julien.petit280@email.com', '2021-03-21', '2025-07-20', 4),
(281, '33000', 'Martin', 'Pierre', '0622041714', 'pierre.martin281@email.com', '2023-08-07', '2024-04-10', 1),
(282, '75001', 'Dupont', 'Julien', '0652948629', 'julien.dupont282@email.com', '2022-04-01', '2024-01-03', 4),
(283, '31000', 'Petit', 'Pierre', '0665994586', 'pierre.petit283@email.com', '2021-11-24', '2024-01-04', 1),
(284, '13001', 'Leroy', 'Louis', '0659388762', 'louis.leroy284@email.com', '2023-03-05', '2025-12-15', 5),
(285, '13001', 'Thomas', 'Emma', '0639450140', 'emma.thomas285@email.com', '2021-10-14', '2024-10-24', 5),
(286, '35000', 'Durand', 'Emma', '0664339122', 'emma.durand286@email.com', '2023-10-28', '2025-03-05', 2),
(287, '44000', 'Bernard', 'Jean', '0668986030', 'jean.bernard287@email.com', '2022-10-12', '2025-05-04', 2),
(288, '67000', 'Bernard', 'Julien', '0649216940', 'julien.bernard288@email.com', '2023-02-09', '2024-02-24', 3),
(289, '69001', 'Robert', 'Pierre', '0681570117', 'pierre.robert289@email.com', '2021-02-25', '2024-02-02', 3),
(290, '31000', 'Richard', 'Sophie', '0621369106', 'sophie.richard290@email.com', '2022-05-13', '2025-12-18', 3),
(291, '75001', 'Dupont', 'Marie', '0694241780', 'marie.dupont291@email.com', '2023-03-13', '2024-07-18', 2),
(292, '59000', 'Bernard', 'Paul', '0636005931', 'paul.bernard292@email.com', '2022-10-22', '2024-03-23', 5),
(293, '67000', 'Martin', 'Julien', '0671610940', 'julien.martin293@email.com', '2022-10-22', '2025-04-12', 2),
(294, '44000', 'Leroy', 'Emma', '0626357919', 'emma.leroy294@email.com', '2023-07-02', '2024-02-10', 4),
(295, '33000', 'Bernard', 'Emma', '0690822120', 'emma.bernard295@email.com', '2023-10-06', '2024-06-21', 5),
(296, '44000', 'Richard', 'Jean', '0616145517', 'jean.richard296@email.com', '2023-12-16', '2024-03-13', 1),
(297, '33000', 'Durand', 'Paul', '0653041416', 'paul.durand297@email.com', '2023-10-09', '2025-11-15', 2),
(298, '75001', 'Durand', 'Marie', '0618511392', 'marie.durand298@email.com', '2021-12-13', '2025-12-16', 4),
(299, '69001', 'Petit', 'Marie', '0647854881', 'marie.petit299@email.com', '2021-10-16', '2024-12-17', 5),
(300, '13001', 'Dupont', 'Emma', '0656650739', 'emma.dupont300@email.com', '2023-12-11', '2024-05-12', 3),
(301, '59000', 'Bernard', 'Paul', '0658089132', 'paul.bernard301@email.com', '2022-01-08', '2025-08-27', 3),
(302, '13001', 'Dupont', 'Sophie', '0661330140', 'sophie.dupont302@email.com', '2023-05-27', '2024-01-16', 4),
(303, '31000', 'Durand', 'Marie', '0630375729', 'marie.durand303@email.com', '2022-09-13', '2024-08-27', 3),
(304, '59000', 'Bernard', 'Sophie', '0654354800', 'sophie.bernard304@email.com', '2021-04-06', '2024-01-07', 3),
(305, '33000', 'Dubois', 'Louis', '0672896301', 'louis.dubois305@email.com', '2021-02-03', '2025-12-19', 1),
(306, '35000', 'Dubois', 'Lucie', '0695077973', 'lucie.dubois306@email.com', '2021-04-06', '2024-09-25', 2),
(307, '35000', 'Leroy', 'Marie', '0618413085', 'marie.leroy307@email.com', '2023-03-16', '2025-09-18', 3),
(308, '35000', 'Dupont', 'Pierre', '0669221669', 'pierre.dupont308@email.com', '2021-07-02', '2025-12-06', 3),
(309, '69001', 'Thomas', 'Marie', '0643612607', 'marie.thomas309@email.com', '2023-05-26', '2024-06-15', 1),
(310, '59000', 'Dupont', 'Marie', '0625535556', 'marie.dupont310@email.com', '2023-04-12', '2025-08-01', 2),
(311, '67000', 'Thomas', 'Sophie', '0647342909', 'sophie.thomas311@email.com', '2023-02-15', '2025-02-27', 4),
(312, '33000', 'Robert', 'Julien', '0684553091', 'julien.robert312@email.com', '2022-07-17', '2024-01-06', 1),
(313, '33000', 'Richard', 'Sophie', '0678764362', 'sophie.richard313@email.com', '2022-10-10', '2024-06-06', 1),
(314, '75001', 'Petit', 'Paul', '0655714484', 'paul.petit314@email.com', '2021-06-11', '2024-06-04', 2),
(315, '44000', 'Durand', 'Nicolas', '0685313806', 'nicolas.durand315@email.com', '2021-01-05', '2024-01-23', 4),
(316, '69001', 'Durand', 'Lucie', '0635143682', 'lucie.durand316@email.com', '2023-06-13', '2024-11-28', 2),
(317, '44000', 'Petit', 'Jean', '0685924892', 'jean.petit317@email.com', '2022-10-07', '2024-08-02', 4),
(318, '69001', 'Thomas', 'Jean', '0652939115', 'jean.thomas318@email.com', '2023-06-09', '2025-11-25', 2),
(319, '35000', 'Richard', 'Emma', '0655699261', 'emma.richard319@email.com', '2021-03-16', '2024-06-08', 4),
(320, '69001', 'Thomas', 'Nicolas', '0631537513', 'nicolas.thomas320@email.com', '2021-06-01', '2025-08-13', 2),
(321, '06000', 'Leroy', 'Sophie', '0671109690', 'sophie.leroy321@email.com', '2021-11-13', '2024-04-03', 2),
(322, '69001', 'Dupont', 'Jean', '0645451075', 'jean.dupont322@email.com', '2022-12-21', '2024-08-06', 1),
(323, '67000', 'Bernard', 'Pierre', '0697074208', 'pierre.bernard323@email.com', '2023-02-18', '2025-01-12', 3),
(324, '35000', 'Leroy', 'Marie', '0674071357', 'marie.leroy324@email.com', '2021-03-06', '2024-05-18', 4),
(325, '35000', 'Leroy', 'Jean', '0621284196', 'jean.leroy325@email.com', '2023-01-25', '2024-08-10', 5),
(326, '33000', 'Richard', 'Louis', '0673982275', 'louis.richard326@email.com', '2021-02-12', '2025-06-13', 2),
(327, '31000', 'Petit', 'Jean', '0670292449', 'jean.petit327@email.com', '2021-11-16', '2025-12-03', 2),
(328, '67000', 'Bernard', 'Sophie', '0641113907', 'sophie.bernard328@email.com', '2023-11-08', '2024-08-07', 5),
(329, '33000', 'Dubois', 'Paul', '0627035690', 'paul.dubois329@email.com', '2022-12-09', '2024-07-26', 5),
(330, '59000', 'Dubois', 'Marie', '0664526061', 'marie.dubois330@email.com', '2022-12-10', '2024-03-24', 5),
(331, '59000', 'Dupont', 'Sophie', '0635425097', 'sophie.dupont331@email.com', '2022-12-24', '2025-08-18', 1),
(332, '67000', 'Durand', 'Pierre', '0633524008', 'pierre.durand332@email.com', '2021-07-23', '2024-06-03', 4),
(333, '75001', 'Martin', 'Emma', '0687317932', 'emma.martin333@email.com', '2023-11-28', '2025-01-26', 2),
(334, '67000', 'Thomas', 'Sophie', '0658264332', 'sophie.thomas334@email.com', '2022-09-07', '2025-05-27', 1),
(335, '67000', 'Martin', 'Lucie', '0631281640', 'lucie.martin335@email.com', '2022-10-07', '2025-11-07', 2),
(336, '44000', 'Durand', 'Sophie', '0683122606', 'sophie.durand336@email.com', '2023-06-26', '2025-08-28', 2),
(337, '35000', 'Durand', 'Sophie', '0670935758', 'sophie.durand337@email.com', '2023-05-26', '2024-06-11', 1),
(338, '69001', 'Robert', 'Paul', '0625019184', 'paul.robert338@email.com', '2021-11-09', '2024-12-17', 3),
(339, '75001', 'Durand', 'Pierre', '0683189026', 'pierre.durand339@email.com', '2023-05-12', '2024-08-07', 2),
(340, '06000', 'Thomas', 'Pierre', '0648689550', 'pierre.thomas340@email.com', '2023-08-26', '2025-07-28', 2),
(341, '59000', 'Petit', 'Marie', '0689603058', 'marie.petit341@email.com', '2022-01-21', '2024-11-08', 3),
(342, '31000', 'Robert', 'Julien', '0622905243', 'julien.robert342@email.com', '2023-08-13', '2024-02-09', 2),
(343, '13001', 'Martin', 'Marie', '0658689104', 'marie.martin343@email.com', '2022-11-13', '2025-07-21', 5),
(344, '75001', 'Dubois', 'Sophie', '0623270548', 'sophie.dubois344@email.com', '2023-07-27', '2024-09-02', 5),
(345, '67000', 'Bernard', 'Nicolas', '0662872976', 'nicolas.bernard345@email.com', '2023-07-24', '2024-02-15', 3),
(346, '13001', 'Leroy', 'Julien', '0672873930', 'julien.leroy346@email.com', '2022-08-18', '2025-10-12', 1),
(347, '31000', 'Leroy', 'Nicolas', '0639152502', 'nicolas.leroy347@email.com', '2021-02-11', '2024-01-06', 4),
(348, '67000', 'Robert', 'Marie', '0634834498', 'marie.robert348@email.com', '2021-11-23', '2025-08-15', 1),
(349, '35000', 'Dupont', 'Emma', '0698569095', 'emma.dupont349@email.com', '2021-07-05', '2025-10-11', 5),
(350, '44000', 'Dupont', 'Jean', '0670244248', 'jean.dupont350@email.com', '2021-10-21', '2024-10-18', 3),
(351, '44000', 'Martin', 'Marie', '0674725345', 'marie.martin351@email.com', '2022-07-27', '2025-12-07', 1),
(352, '44000', 'Robert', 'Marie', '0616441406', 'marie.robert352@email.com', '2021-02-24', '2024-03-09', 2),
(353, '75001', 'Robert', 'Paul', '0656184053', 'paul.robert353@email.com', '2022-04-05', '2025-06-28', 3),
(354, '31000', 'Richard', 'Paul', '0683990600', 'paul.richard354@email.com', '2022-08-05', '2025-08-28', 2),
(355, '44000', 'Bernard', 'Marie', '0690750086', 'marie.bernard355@email.com', '2023-06-02', '2025-11-04', 1),
(356, '67000', 'Thomas', 'Paul', '0678462220', 'paul.thomas356@email.com', '2022-08-05', '2024-04-07', 4),
(357, '67000', 'Leroy', 'Emma', '0618131818', 'emma.leroy357@email.com', '2023-07-23', '2024-12-06', 3),
(358, '31000', 'Petit', 'Paul', '0673090178', 'paul.petit358@email.com', '2022-09-21', '2025-12-19', 5),
(359, '31000', 'Martin', 'Pierre', '0672352118', 'pierre.martin359@email.com', '2021-01-13', '2025-06-25', 5),
(360, '67000', 'Richard', 'Jean', '0686827621', 'jean.richard360@email.com', '2023-10-04', '2024-09-06', 1),
(361, '75001', 'Dubois', 'Sophie', '0690627877', 'sophie.dubois361@email.com', '2021-02-24', '2024-04-26', 5),
(362, '35000', 'Thomas', 'Nicolas', '0642017507', 'nicolas.thomas362@email.com', '2023-01-24', '2025-04-05', 3),
(363, '31000', 'Robert', 'Louis', '0665089325', 'louis.robert363@email.com', '2022-02-01', '2025-03-23', 5),
(364, '13001', 'Robert', 'Julien', '0641628294', 'julien.robert364@email.com', '2023-02-03', '2025-02-04', 4),
(365, '44000', 'Thomas', 'Sophie', '0690104981', 'sophie.thomas365@email.com', '2021-01-23', '2024-01-10', 3),
(366, '67000', 'Richard', 'Louis', '0614676727', 'louis.richard366@email.com', '2021-04-22', '2025-01-11', 5),
(367, '33000', 'Robert', 'Sophie', '0612279426', 'sophie.robert367@email.com', '2021-04-10', '2025-12-11', 5),
(368, '33000', 'Durand', 'Louis', '0690597673', 'louis.durand368@email.com', '2023-11-03', '2024-09-10', 2),
(369, '75001', 'Richard', 'Paul', '0676039080', 'paul.richard369@email.com', '2021-07-09', '2024-04-03', 2),
(370, '59000', 'Bernard', 'Julien', '0635463984', 'julien.bernard370@email.com', '2023-09-10', '2024-08-26', 5),
(371, '59000', 'Bernard', 'Marie', '0666609814', 'marie.bernard371@email.com', '2021-07-08', '2025-02-14', 4),
(372, '59000', 'Bernard', 'Paul', '0647353464', 'paul.bernard372@email.com', '2021-12-21', '2025-06-27', 3),
(373, '75001', 'Durand', 'Julien', '0662159797', 'julien.durand373@email.com', '2023-12-05', '2024-09-21', 4),
(374, '69001', 'Martin', 'Emma', '0618123384', 'emma.martin374@email.com', '2023-06-12', '2025-05-14', 1),
(375, '31000', 'Martin', 'Paul', '0656162068', 'paul.martin375@email.com', '2022-01-23', '2025-06-16', 4),
(376, '31000', 'Richard', 'Emma', '0642776552', 'emma.richard376@email.com', '2023-06-02', '2024-12-05', 3),
(377, '69001', 'Durand', 'Emma', '0656618981', 'emma.durand377@email.com', '2022-03-19', '2024-11-03', 3),
(378, '75001', 'Leroy', 'Paul', '0681592079', 'paul.leroy378@email.com', '2021-12-22', '2024-08-28', 3),
(379, '13001', 'Petit', 'Paul', '0631767690', 'paul.petit379@email.com', '2022-12-18', '2025-05-22', 4),
(380, '33000', 'Martin', 'Sophie', '0674323131', 'sophie.martin380@email.com', '2023-05-10', '2025-04-07', 5),
(381, '33000', 'Martin', 'Jean', '0658081409', 'jean.martin381@email.com', '2021-12-03', '2024-10-02', 3),
(382, '31000', 'Petit', 'Lucie', '0640283314', 'lucie.petit382@email.com', '2023-05-06', '2025-09-07', 2),
(383, '35000', 'Leroy', 'Marie', '0676244945', 'marie.leroy383@email.com', '2022-10-02', '2025-05-10', 1),
(384, '33000', 'Dupont', 'Emma', '0628424654', 'emma.dupont384@email.com', '2023-11-04', '2025-09-23', 4),
(385, '06000', 'Petit', 'Paul', '0633495757', 'paul.petit385@email.com', '2023-09-14', '2024-07-27', 1),
(386, '35000', 'Durand', 'Sophie', '0668446994', 'sophie.durand386@email.com', '2023-11-07', '2025-02-07', 5),
(387, '44000', 'Dubois', 'Louis', '0692034586', 'louis.dubois387@email.com', '2023-07-05', '2025-10-23', 3),
(388, '33000', 'Leroy', 'Louis', '0626614357', 'louis.leroy388@email.com', '2021-01-14', '2024-06-27', 2),
(389, '67000', 'Thomas', 'Emma', '0693374379', 'emma.thomas389@email.com', '2021-11-18', '2025-05-22', 2),
(390, '06000', 'Petit', 'Paul', '0638163255', 'paul.petit390@email.com', '2023-07-27', '2024-12-01', 3),
(391, '44000', 'Martin', 'Lucie', '0610458088', 'lucie.martin391@email.com', '2021-05-13', '2024-10-04', 3),
(392, '67000', 'Bernard', 'Pierre', '0653001177', 'pierre.bernard392@email.com', '2022-10-19', '2025-06-22', 4),
(393, '35000', 'Dubois', 'Sophie', '0668915427', 'sophie.dubois393@email.com', '2021-06-21', '2025-10-15', 1),
(394, '69001', 'Dupont', 'Paul', '0697609446', 'paul.dupont394@email.com', '2021-06-13', '2024-10-19', 1),
(395, '75001', 'Robert', 'Nicolas', '0658278960', 'nicolas.robert395@email.com', '2021-05-18', '2024-04-28', 1),
(396, '33000', 'Dubois', 'Lucie', '0649407457', 'lucie.dubois396@email.com', '2022-12-24', '2025-06-15', 3),
(397, '44000', 'Richard', 'Pierre', '0667444971', 'pierre.richard397@email.com', '2021-03-03', '2024-07-14', 3),
(398, '69001', 'Bernard', 'Jean', '0653508403', 'jean.bernard398@email.com', '2023-04-01', '2025-04-20', 4),
(399, '33000', 'Robert', 'Louis', '0637665571', 'louis.robert399@email.com', '2021-08-17', '2025-09-01', 1),
(400, '31000', 'Leroy', 'Nicolas', '0662750884', 'nicolas.leroy400@email.com', '2022-10-14', '2024-04-18', 1),
(401, '59000', 'Petit', 'Louis', '0680375442', 'louis.petit401@email.com', '2022-05-13', '2025-09-22', 5),
(402, '75001', 'Bernard', 'Marie', '0630901619', 'marie.bernard402@email.com', '2023-08-15', '2025-01-28', 4),
(403, '69001', 'Durand', 'Louis', '0645966290', 'louis.durand403@email.com', '2023-12-21', '2025-11-02', 3),
(404, '33000', 'Richard', 'Sophie', '0662032578', 'sophie.richard404@email.com', '2023-01-20', '2024-09-17', 2),
(405, '59000', 'Richard', 'Julien', '0638298800', 'julien.richard405@email.com', '2023-03-19', '2024-08-11', 1),
(406, '44000', 'Durand', 'Lucie', '0641147991', 'lucie.durand406@email.com', '2023-05-04', '2025-03-07', 1),
(407, '59000', 'Dupont', 'Julien', '0614778754', 'julien.dupont407@email.com', '2022-03-22', '2025-10-04', 4),
(408, '75001', 'Martin', 'Jean', '0664628300', 'jean.martin408@email.com', '2022-06-07', '2024-12-06', 2),
(409, '33000', 'Robert', 'Nicolas', '0614633434', 'nicolas.robert409@email.com', '2023-12-16', '2024-02-01', 4),
(410, '35000', 'Dubois', 'Nicolas', '0643249192', 'nicolas.dubois410@email.com', '2021-02-01', '2024-09-26', 5),
(411, '44000', 'Thomas', 'Pierre', '0696081438', 'pierre.thomas411@email.com', '2023-05-19', '2024-01-28', 2),
(412, '31000', 'Leroy', 'Pierre', '0640214506', 'pierre.leroy412@email.com', '2023-03-08', '2025-06-18', 5),
(413, '69001', 'Bernard', 'Pierre', '0633194785', 'pierre.bernard413@email.com', '2022-04-21', '2024-01-01', 3),
(414, '13001', 'Petit', 'Paul', '0657644664', 'paul.petit414@email.com', '2022-07-09', '2025-02-16', 4),
(415, '75001', 'Thomas', 'Marie', '0647827660', 'marie.thomas415@email.com', '2021-12-28', '2024-08-17', 4),
(416, '13001', 'Martin', 'Jean', '0612521384', 'jean.martin416@email.com', '2022-08-02', '2024-06-01', 1),
(417, '13001', 'Richard', 'Julien', '0670830159', 'julien.richard417@email.com', '2021-09-17', '2024-03-10', 2),
(418, '75001', 'Bernard', 'Pierre', '0613803948', 'pierre.bernard418@email.com', '2021-02-27', '2024-09-23', 4),
(419, '67000', 'Durand', 'Julien', '0678545928', 'julien.durand419@email.com', '2023-07-26', '2025-05-26', 1),
(420, '67000', 'Petit', 'Lucie', '0621202583', 'lucie.petit420@email.com', '2021-08-14', '2024-08-24', 3),
(421, '13001', 'Dubois', 'Marie', '0681869967', 'marie.dubois421@email.com', '2021-08-18', '2025-11-07', 3),
(422, '44000', 'Leroy', 'Jean', '0659628675', 'jean.leroy422@email.com', '2023-01-23', '2025-03-01', 5),
(423, '44000', 'Petit', 'Lucie', '0616590781', 'lucie.petit423@email.com', '2022-08-11', '2024-01-05', 2),
(424, '75001', 'Bernard', 'Nicolas', '0658806476', 'nicolas.bernard424@email.com', '2021-09-28', '2025-10-14', 2),
(425, '06000', 'Dubois', 'Paul', '0690294923', 'paul.dubois425@email.com', '2021-06-17', '2024-07-12', 3),
(426, '33000', 'Richard', 'Marie', '0672184010', 'marie.richard426@email.com', '2022-08-23', '2025-09-07', 4),
(427, '75001', 'Leroy', 'Pierre', '0624371861', 'pierre.leroy427@email.com', '2022-10-02', '2025-03-20', 5),
(428, '06000', 'Robert', 'Paul', '0613480860', 'paul.robert428@email.com', '2021-04-15', '2024-10-08', 5),
(429, '31000', 'Bernard', 'Emma', '0698961481', 'emma.bernard429@email.com', '2021-01-28', '2024-03-20', 3),
(430, '75001', 'Dupont', 'Sophie', '0652700573', 'sophie.dupont430@email.com', '2022-02-27', '2024-11-01', 4),
(431, '06000', 'Bernard', 'Julien', '0656868060', 'julien.bernard431@email.com', '2021-10-06', '2024-08-18', 4),
(432, '33000', 'Richard', 'Nicolas', '0670154787', 'nicolas.richard432@email.com', '2023-06-14', '2025-02-13', 3),
(433, '67000', 'Robert', 'Lucie', '0659214194', 'lucie.robert433@email.com', '2023-07-27', '2024-11-26', 2),
(434, '69001', 'Robert', 'Paul', '0677121504', 'paul.robert434@email.com', '2022-11-04', '2025-07-17', 5),
(435, '33000', 'Thomas', 'Louis', '0633706096', 'louis.thomas435@email.com', '2021-11-20', '2025-03-04', 4),
(436, '67000', 'Martin', 'Marie', '0647350937', 'marie.martin436@email.com', '2021-11-01', '2024-11-21', 5),
(437, '13001', 'Dupont', 'Marie', '0694175067', 'marie.dupont437@email.com', '2022-12-13', '2025-12-24', 2),
(438, '33000', 'Thomas', 'Sophie', '0680458410', 'sophie.thomas438@email.com', '2022-12-11', '2025-06-07', 3),
(439, '06000', 'Petit', 'Sophie', '0628430847', 'sophie.petit439@email.com', '2023-10-09', '2025-07-14', 1),
(440, '69001', 'Thomas', 'Nicolas', '0666861030', 'nicolas.thomas440@email.com', '2021-08-15', '2024-02-19', 2),
(441, '35000', 'Martin', 'Lucie', '0646845702', 'lucie.martin441@email.com', '2023-12-25', '2025-01-25', 4),
(442, '31000', 'Thomas', 'Jean', '0692249420', 'jean.thomas442@email.com', '2023-11-16', '2025-08-27', 4),
(443, '33000', 'Leroy', 'Julien', '0633109955', 'julien.leroy443@email.com', '2022-09-10', '2025-01-19', 1),
(444, '13001', 'Richard', 'Jean', '0693971230', 'jean.richard444@email.com', '2023-06-20', '2025-08-14', 2),
(445, '06000', 'Dubois', 'Emma', '0688794164', 'emma.dubois445@email.com', '2021-09-15', '2024-06-04', 3),
(446, '67000', 'Dubois', 'Sophie', '0688758172', 'sophie.dubois446@email.com', '2023-09-05', '2024-07-20', 5),
(447, '31000', 'Durand', 'Marie', '0615363858', 'marie.durand447@email.com', '2021-09-28', '2024-04-02', 3),
(448, '44000', 'Durand', 'Marie', '0687596033', 'marie.durand448@email.com', '2023-05-25', '2025-02-01', 3),
(449, '35000', 'Leroy', 'Nicolas', '0675926108', 'nicolas.leroy449@email.com', '2021-11-20', '2024-04-26', 1),
(450, '69001', 'Dupont', 'Nicolas', '0673540656', 'nicolas.dupont450@email.com', '2023-06-12', '2025-07-27', 1),
(451, '31000', 'Petit', 'Louis', '0613582228', 'louis.petit451@email.com', '2023-10-24', '2024-04-05', 3),
(452, '13001', 'Richard', 'Julien', '0690478527', 'julien.richard452@email.com', '2021-04-20', '2025-10-19', 3),
(453, '13001', 'Robert', 'Sophie', '0669312935', 'sophie.robert453@email.com', '2023-05-11', '2024-07-01', 3),
(454, '69001', 'Petit', 'Nicolas', '0615894173', 'nicolas.petit454@email.com', '2021-12-16', '2025-07-28', 5),
(455, '33000', 'Leroy', 'Emma', '0689305142', 'emma.leroy455@email.com', '2022-12-28', '2024-11-26', 5),
(456, '13001', 'Martin', 'Nicolas', '0677928752', 'nicolas.martin456@email.com', '2023-01-07', '2024-10-08', 2),
(457, '06000', 'Dubois', 'Jean', '0633215528', 'jean.dubois457@email.com', '2023-05-12', '2024-06-20', 1),
(458, '44000', 'Dubois', 'Louis', '0624131125', 'louis.dubois458@email.com', '2022-04-23', '2025-10-17', 2),
(459, '33000', 'Richard', 'Marie', '0680782153', 'marie.richard459@email.com', '2022-09-13', '2024-06-07', 5),
(460, '59000', 'Bernard', 'Lucie', '0635854108', 'lucie.bernard460@email.com', '2021-11-28', '2024-09-28', 4),
(461, '75001', 'Dubois', 'Pierre', '0698726276', 'pierre.dubois461@email.com', '2023-10-18', '2025-10-12', 5),
(462, '44000', 'Durand', 'Nicolas', '0695005564', 'nicolas.durand462@email.com', '2023-12-10', '2025-01-21', 5),
(463, '44000', 'Dubois', 'Marie', '0655351176', 'marie.dubois463@email.com', '2023-09-07', '2024-01-09', 5),
(464, '35000', 'Petit', 'Julien', '0636482195', 'julien.petit464@email.com', '2021-09-26', '2024-01-04', 1),
(465, '06000', 'Dubois', 'Emma', '0682854718', 'emma.dubois465@email.com', '2021-02-18', '2025-10-23', 4),
(466, '67000', 'Durand', 'Paul', '0647612781', 'paul.durand466@email.com', '2023-06-07', '2024-05-20', 4),
(467, '13001', 'Leroy', 'Marie', '0683959688', 'marie.leroy467@email.com', '2021-02-06', '2025-09-27', 2),
(468, '31000', 'Durand', 'Julien', '0655093295', 'julien.durand468@email.com', '2022-11-19', '2025-10-14', 3),
(469, '59000', 'Petit', 'Lucie', '0619929282', 'lucie.petit469@email.com', '2022-08-04', '2024-11-15', 4),
(470, '35000', 'Thomas', 'Paul', '0623594527', 'paul.thomas470@email.com', '2022-12-28', '2025-04-25', 2),
(471, '44000', 'Leroy', 'Marie', '0662442473', 'marie.leroy471@email.com', '2021-04-27', '2025-08-05', 1),
(472, '59000', 'Thomas', 'Jean', '0641867982', 'jean.thomas472@email.com', '2022-05-26', '2024-05-04', 4),
(473, '59000', 'Dubois', 'Marie', '0650035782', 'marie.dubois473@email.com', '2022-10-18', '2024-04-18', 4),
(474, '35000', 'Dupont', 'Louis', '0625438105', 'louis.dupont474@email.com', '2022-01-16', '2025-02-24', 5),
(475, '33000', 'Robert', 'Emma', '0688618978', 'emma.robert475@email.com', '2021-12-01', '2025-09-05', 3),
(476, '69001', 'Leroy', 'Louis', '0657301424', 'louis.leroy476@email.com', '2023-02-25', '2025-09-09', 3),
(477, '13001', 'Dubois', 'Lucie', '0643576716', 'lucie.dubois477@email.com', '2021-08-09', '2024-07-24', 2),
(478, '06000', 'Dubois', 'Emma', '0623493401', 'emma.dubois478@email.com', '2023-07-12', '2024-12-05', 5),
(479, '31000', 'Leroy', 'Emma', '0688475702', 'emma.leroy479@email.com', '2023-03-13', '2025-03-22', 2),
(480, '13001', 'Robert', 'Lucie', '0672308141', 'lucie.robert480@email.com', '2021-12-23', '2024-12-11', 1),
(481, '35000', 'Robert', 'Julien', '0682021095', 'julien.robert481@email.com', '2023-12-20', '2024-03-24', 5),
(482, '44000', 'Durand', 'Lucie', '0610828734', 'lucie.durand482@email.com', '2022-02-05', '2025-05-03', 5),
(483, '75001', 'Petit', 'Jean', '0696266984', 'jean.petit483@email.com', '2021-06-10', '2025-07-08', 5),
(484, '44000', 'Dubois', 'Sophie', '0668138821', 'sophie.dubois484@email.com', '2021-05-22', '2024-11-20', 5),
(485, '33000', 'Dupont', 'Jean', '0669162575', 'jean.dupont485@email.com', '2023-07-03', '2025-11-04', 1),
(486, '06000', 'Dubois', 'Sophie', '0649358598', 'sophie.dubois486@email.com', '2023-09-27', '2024-05-23', 3),
(487, '59000', 'Robert', 'Pierre', '0625168447', 'pierre.robert487@email.com', '2021-05-16', '2025-06-20', 4),
(488, '33000', 'Robert', 'Nicolas', '0655141990', 'nicolas.robert488@email.com', '2023-12-24', '2024-02-06', 3),
(489, '31000', 'Durand', 'Lucie', '0638915115', 'lucie.durand489@email.com', '2022-05-20', '2024-12-19', 2),
(490, '31000', 'Dupont', 'Julien', '0681503691', 'julien.dupont490@email.com', '2023-12-02', '2025-09-06', 1),
(491, '75001', 'Leroy', 'Louis', '0632931886', 'louis.leroy491@email.com', '2023-11-14', '2025-08-03', 2),
(492, '44000', 'Leroy', 'Julien', '0674882264', 'julien.leroy492@email.com', '2022-08-12', '2024-04-27', 4),
(493, '44000', 'Richard', 'Paul', '0629414978', 'paul.richard493@email.com', '2023-04-12', '2025-03-08', 3),
(494, '44000', 'Dubois', 'Nicolas', '0648439294', 'nicolas.dubois494@email.com', '2021-08-17', '2024-09-18', 5),
(495, '69001', 'Bernard', 'Sophie', '0674201217', 'sophie.bernard495@email.com', '2023-01-23', '2024-01-18', 5),
(496, '35000', 'Petit', 'Emma', '0656547168', 'emma.petit496@email.com', '2022-11-10', '2024-05-15', 5),
(497, '13001', 'Thomas', 'Sophie', '0616376865', 'sophie.thomas497@email.com', '2023-01-20', '2024-04-01', 5),
(498, '31000', 'Petit', 'Marie', '0641084127', 'marie.petit498@email.com', '2021-03-15', '2024-04-04', 3),
(499, '44000', 'Bernard', 'Louis', '0693281989', 'louis.bernard499@email.com', '2021-01-06', '2024-11-16', 2),
(500, '44000', 'Bernard', 'Emma', '0644998962', 'emma.bernard500@email.com', '2023-03-02', '2025-05-28', 1),
(501, '59000', 'Durand', 'Emma', '0640310185', 'emma.durand501@email.com', '2022-01-13', '2025-03-03', 1),
(502, '69001', 'Dubois', 'Marie', '0640326288', 'marie.dubois502@email.com', '2023-05-12', '2024-02-19', 5),
(503, '59000', 'Martin', 'Sophie', '0670313515', 'sophie.martin503@email.com', '2023-08-28', '2024-12-18', 3),
(504, '44000', 'Thomas', 'Emma', '0648823161', 'emma.thomas504@email.com', '2022-09-05', '2024-02-02', 1),
(505, '33000', 'Richard', 'Jean', '0686013264', 'jean.richard505@email.com', '2022-03-13', '2024-07-07', 3),
(506, '75001', 'Thomas', 'Pierre', '0683592396', 'pierre.thomas506@email.com', '2023-06-11', '2024-06-10', 1),
(507, '33000', 'Robert', 'Paul', '0627839151', 'paul.robert507@email.com', '2022-01-17', '2024-12-28', 2),
(508, '67000', 'Durand', 'Lucie', '0662073675', 'lucie.durand508@email.com', '2023-10-08', '2025-03-15', 3),
(509, '33000', 'Durand', 'Nicolas', '0653502858', 'nicolas.durand509@email.com', '2021-09-17', '2025-10-07', 5),
(510, '13001', 'Dupont', 'Sophie', '0638995764', 'sophie.dupont510@email.com', '2021-02-18', '2024-06-17', 5),
(511, '75001', 'Leroy', 'Julien', '0615597839', 'julien.leroy511@email.com', '2021-03-04', '2024-07-23', 1),
(512, '59000', 'Dubois', 'Paul', '0694375915', 'paul.dubois512@email.com', '2023-01-02', '2025-01-10', 1),
(513, '35000', 'Richard', 'Pierre', '0636827764', 'pierre.richard513@email.com', '2023-07-16', '2024-02-07', 1),
(514, '44000', 'Dubois', 'Jean', '0626492445', 'jean.dubois514@email.com', '2023-06-09', '2025-08-26', 4),
(515, '35000', 'Robert', 'Lucie', '0655798636', 'lucie.robert515@email.com', '2023-09-22', '2025-08-26', 1),
(516, '75001', 'Martin', 'Emma', '0673241955', 'emma.martin516@email.com', '2022-07-26', '2025-05-11', 5),
(517, '33000', 'Richard', 'Nicolas', '0675515130', 'nicolas.richard517@email.com', '2022-09-23', '2024-04-05', 1),
(518, '06000', 'Richard', 'Lucie', '0615923596', 'lucie.richard518@email.com', '2021-04-06', '2024-09-09', 5),
(519, '69001', 'Thomas', 'Jean', '0670179133', 'jean.thomas519@email.com', '2023-12-11', '2024-08-27', 2),
(520, '35000', 'Martin', 'Nicolas', '0658219473', 'nicolas.martin520@email.com', '2023-03-25', '2024-08-18', 4),
(521, '69001', 'Dubois', 'Jean', '0629325912', 'jean.dubois521@email.com', '2023-06-24', '2025-07-22', 2),
(522, '44000', 'Martin', 'Paul', '0639477086', 'paul.martin522@email.com', '2023-01-19', '2025-03-20', 5),
(523, '59000', 'Bernard', 'Paul', '0683746775', 'paul.bernard523@email.com', '2022-11-08', '2025-08-07', 4),
(524, '75001', 'Bernard', 'Nicolas', '0667626996', 'nicolas.bernard524@email.com', '2021-03-06', '2024-07-10', 3),
(525, '69001', 'Thomas', 'Pierre', '0651013405', 'pierre.thomas525@email.com', '2022-09-15', '2024-05-06', 4),
(526, '31000', 'Martin', 'Paul', '0695773745', 'paul.martin526@email.com', '2021-04-15', '2024-01-07', 5),
(527, '67000', 'Petit', 'Jean', '0614907590', 'jean.petit527@email.com', '2022-08-10', '2024-09-20', 2),
(528, '75001', 'Bernard', 'Lucie', '0670481282', 'lucie.bernard528@email.com', '2023-06-24', '2024-12-21', 2),
(529, '69001', 'Martin', 'Jean', '0660043837', 'jean.martin529@email.com', '2023-05-14', '2025-01-28', 3),
(530, '44000', 'Dubois', 'Jean', '0654516577', 'jean.dubois530@email.com', '2021-06-05', '2024-10-05', 1),
(531, '59000', 'Robert', 'Nicolas', '0616618443', 'nicolas.robert531@email.com', '2022-12-11', '2025-07-16', 4),
(532, '31000', 'Martin', 'Paul', '0637958325', 'paul.martin532@email.com', '2022-01-11', '2024-10-27', 4),
(533, '44000', 'Dupont', 'Pierre', '0620847147', 'pierre.dupont533@email.com', '2022-01-13', '2025-01-01', 1),
(534, '06000', 'Petit', 'Marie', '0621376106', 'marie.petit534@email.com', '2023-11-03', '2025-11-07', 4),
(535, '75001', 'Dupont', 'Louis', '0641612383', 'louis.dupont535@email.com', '2022-07-06', '2024-02-10', 2),
(536, '67000', 'Bernard', 'Marie', '0680177719', 'marie.bernard536@email.com', '2023-09-22', '2024-04-28', 4),
(537, '69001', 'Durand', 'Jean', '0638889438', 'jean.durand537@email.com', '2021-04-02', '2024-04-24', 2),
(538, '35000', 'Durand', 'Paul', '0617302406', 'paul.durand538@email.com', '2023-10-26', '2025-01-08', 4),
(539, '67000', 'Petit', 'Paul', '0636666534', 'paul.petit539@email.com', '2023-12-09', '2024-05-28', 5),
(540, '13001', 'Dupont', 'Sophie', '0699705029', 'sophie.dupont540@email.com', '2021-12-28', '2024-08-08', 4),
(541, '75001', 'Martin', 'Louis', '0673608528', 'louis.martin541@email.com', '2023-06-18', '2024-11-07', 2),
(542, '35000', 'Thomas', 'Sophie', '0619590657', 'sophie.thomas542@email.com', '2023-01-05', '2024-04-04', 3),
(543, '44000', 'Leroy', 'Nicolas', '0676084789', 'nicolas.leroy543@email.com', '2022-08-27', '2024-08-16', 2),
(544, '59000', 'Richard', 'Lucie', '0677478388', 'lucie.richard544@email.com', '2021-09-19', '2024-11-17', 5),
(545, '59000', 'Dubois', 'Jean', '0670106694', 'jean.dubois545@email.com', '2023-12-13', '2024-10-25', 1),
(546, '13001', 'Leroy', 'Louis', '0673694233', 'louis.leroy546@email.com', '2021-11-19', '2024-04-27', 1),
(547, '67000', 'Richard', 'Paul', '0691924637', 'paul.richard547@email.com', '2021-08-23', '2024-02-23', 1),
(548, '06000', 'Dupont', 'Sophie', '0696097041', 'sophie.dupont548@email.com', '2021-04-06', '2024-09-10', 3),
(549, '13001', 'Durand', 'Julien', '0686641801', 'julien.durand549@email.com', '2023-08-07', '2024-04-22', 4),
(550, '44000', 'Martin', 'Paul', '0614651006', 'paul.martin550@email.com', '2023-07-04', '2024-07-24', 3),
(551, '44000', 'Petit', 'Emma', '0673779441', 'emma.petit551@email.com', '2023-10-08', '2025-04-12', 3),
(552, '69001', 'Leroy', 'Lucie', '0673327859', 'lucie.leroy552@email.com', '2022-07-16', '2025-02-11', 5),
(553, '69001', 'Leroy', 'Jean', '0646410028', 'jean.leroy553@email.com', '2021-11-16', '2025-05-07', 3),
(554, '67000', 'Dupont', 'Paul', '0611614506', 'paul.dupont554@email.com', '2021-08-26', '2025-10-14', 4),
(555, '67000', 'Martin', 'Lucie', '0698169581', 'lucie.martin555@email.com', '2021-05-09', '2025-04-16', 3),
(556, '33000', 'Petit', 'Marie', '0681508753', 'marie.petit556@email.com', '2022-06-04', '2024-01-05', 1),
(557, '69001', 'Robert', 'Nicolas', '0685698255', 'nicolas.robert557@email.com', '2021-10-27', '2024-12-23', 5),
(558, '75001', 'Dubois', 'Emma', '0640953809', 'emma.dubois558@email.com', '2023-09-26', '2025-05-15', 4),
(559, '67000', 'Richard', 'Paul', '0655124150', 'paul.richard559@email.com', '2021-05-17', '2025-07-14', 5),
(560, '69001', 'Thomas', 'Emma', '0630322964', 'emma.thomas560@email.com', '2022-08-11', '2024-08-10', 1),
(561, '31000', 'Bernard', 'Paul', '0614665788', 'paul.bernard561@email.com', '2021-11-20', '2025-01-08', 1),
(562, '33000', 'Dupont', 'Julien', '0619954757', 'julien.dupont562@email.com', '2022-10-11', '2024-03-01', 4),
(563, '13001', 'Durand', 'Nicolas', '0616338915', 'nicolas.durand563@email.com', '2021-06-04', '2025-08-17', 2),
(564, '69001', 'Bernard', 'Marie', '0626651796', 'marie.bernard564@email.com', '2021-01-21', '2025-01-09', 4),
(565, '59000', 'Dupont', 'Sophie', '0644972530', 'sophie.dupont565@email.com', '2023-02-09', '2025-02-26', 1),
(566, '44000', 'Dubois', 'Emma', '0698142737', 'emma.dubois566@email.com', '2022-01-21', '2025-03-10', 4),
(567, '35000', 'Dupont', 'Sophie', '0631830020', 'sophie.dupont567@email.com', '2022-12-04', '2025-04-14', 3),
(568, '31000', 'Thomas', 'Paul', '0642703993', 'paul.thomas568@email.com', '2021-04-24', '2025-10-28', 2),
(569, '13001', 'Petit', 'Sophie', '0677536536', 'sophie.petit569@email.com', '2023-05-01', '2024-09-21', 1),
(570, '06000', 'Dubois', 'Lucie', '0689268223', 'lucie.dubois570@email.com', '2021-07-24', '2025-09-13', 1),
(571, '44000', 'Dubois', 'Louis', '0619962297', 'louis.dubois571@email.com', '2021-12-16', '2025-02-10', 3),
(572, '33000', 'Dupont', 'Lucie', '0649753756', 'lucie.dupont572@email.com', '2021-12-27', '2024-09-21', 1),
(573, '67000', 'Thomas', 'Julien', '0681515845', 'julien.thomas573@email.com', '2021-04-21', '2024-09-07', 2),
(574, '35000', 'Durand', 'Nicolas', '0634531210', 'nicolas.durand574@email.com', '2022-11-19', '2025-08-20', 3),
(575, '59000', 'Petit', 'Lucie', '0665226827', 'lucie.petit575@email.com', '2022-03-26', '2025-12-02', 3),
(576, '35000', 'Richard', 'Marie', '0616110528', 'marie.richard576@email.com', '2023-05-27', '2024-10-21', 4),
(577, '69001', 'Richard', 'Louis', '0666313176', 'louis.richard577@email.com', '2022-05-18', '2025-01-22', 3),
(578, '59000', 'Bernard', 'Jean', '0689829377', 'jean.bernard578@email.com', '2023-09-09', '2024-12-02', 1),
(579, '59000', 'Robert', 'Marie', '0624015732', 'marie.robert579@email.com', '2022-05-20', '2025-03-16', 2),
(580, '67000', 'Thomas', 'Paul', '0612357460', 'paul.thomas580@email.com', '2022-12-12', '2025-12-10', 2),
(581, '44000', 'Leroy', 'Julien', '0612691051', 'julien.leroy581@email.com', '2022-05-05', '2024-01-16', 3),
(582, '06000', 'Durand', 'Jean', '0639623203', 'jean.durand582@email.com', '2022-07-20', '2024-06-24', 1),
(583, '31000', 'Bernard', 'Sophie', '0678652735', 'sophie.bernard583@email.com', '2021-02-28', '2025-12-25', 5),
(584, '44000', 'Thomas', 'Marie', '0652467383', 'marie.thomas584@email.com', '2022-10-27', '2024-08-20', 4),
(585, '69001', 'Durand', 'Marie', '0628522702', 'marie.durand585@email.com', '2021-09-25', '2024-09-11', 5),
(586, '33000', 'Leroy', 'Julien', '0676945070', 'julien.leroy586@email.com', '2021-10-04', '2025-06-19', 5),
(587, '59000', 'Robert', 'Sophie', '0697740905', 'sophie.robert587@email.com', '2023-09-28', '2024-10-18', 5),
(588, '67000', 'Thomas', 'Nicolas', '0689532912', 'nicolas.thomas588@email.com', '2023-03-17', '2024-08-26', 3),
(589, '13001', 'Martin', 'Louis', '0653607872', 'louis.martin589@email.com', '2022-07-06', '2024-11-06', 2),
(590, '31000', 'Bernard', 'Marie', '0654080499', 'marie.bernard590@email.com', '2023-05-19', '2024-03-07', 1),
(591, '75001', 'Martin', 'Julien', '0680467232', 'julien.martin591@email.com', '2022-04-20', '2024-02-18', 1),
(592, '75001', 'Richard', 'Emma', '0620219815', 'emma.richard592@email.com', '2022-06-04', '2025-12-09', 3),
(593, '33000', 'Martin', 'Emma', '0631701129', 'emma.martin593@email.com', '2022-09-12', '2024-10-13', 3),
(594, '59000', 'Dupont', 'Emma', '0671461664', 'emma.dupont594@email.com', '2023-11-12', '2025-06-25', 4),
(595, '13001', 'Dubois', 'Pierre', '0647990272', 'pierre.dubois595@email.com', '2021-06-10', '2024-04-28', 5),
(596, '44000', 'Robert', 'Paul', '0691317806', 'paul.robert596@email.com', '2021-01-08', '2024-03-01', 5),
(597, '59000', 'Thomas', 'Pierre', '0663913068', 'pierre.thomas597@email.com', '2023-02-25', '2025-03-21', 4),
(598, '06000', 'Bernard', 'Marie', '0682522318', 'marie.bernard598@email.com', '2021-06-13', '2024-05-12', 2),
(599, '06000', 'Dubois', 'Emma', '0679159248', 'emma.dubois599@email.com', '2022-09-15', '2025-01-22', 5),
(600, '69001', 'Dubois', 'Marie', '0626969991', 'marie.dubois600@email.com', '2021-12-04', '2024-06-22', 1),
(601, '06000', 'Dubois', 'Nicolas', '0654211722', 'nicolas.dubois601@email.com', '2021-02-05', '2025-09-15', 5),
(602, '33000', 'Durand', 'Marie', '0639811800', 'marie.durand602@email.com', '2023-07-26', '2025-09-05', 5),
(603, '35000', 'Dupont', 'Paul', '0611909433', 'paul.dupont603@email.com', '2021-09-10', '2024-02-01', 3),
(604, '13001', 'Robert', 'Pierre', '0656241223', 'pierre.robert604@email.com', '2023-05-01', '2024-01-18', 4),
(605, '75001', 'Bernard', 'Emma', '0678485019', 'emma.bernard605@email.com', '2021-02-17', '2024-07-13', 5),
(606, '44000', 'Dupont', 'Louis', '0615652749', 'louis.dupont606@email.com', '2023-10-20', '2024-07-06', 4),
(607, '69001', 'Leroy', 'Julien', '0688945648', 'julien.leroy607@email.com', '2022-07-04', '2024-12-09', 1),
(608, '35000', 'Martin', 'Louis', '0640040880', 'louis.martin608@email.com', '2021-01-21', '2024-05-04', 2),
(609, '44000', 'Dubois', 'Julien', '0683443238', 'julien.dubois609@email.com', '2022-03-19', '2025-09-07', 2),
(610, '59000', 'Petit', 'Lucie', '0634039080', 'lucie.petit610@email.com', '2021-01-28', '2024-02-23', 1),
(611, '75001', 'Thomas', 'Jean', '0629546117', 'jean.thomas611@email.com', '2023-06-20', '2025-01-26', 2),
(612, '06000', 'Dubois', 'Emma', '0620200874', 'emma.dubois612@email.com', '2023-08-15', '2025-12-24', 5),
(613, '13001', 'Leroy', 'Emma', '0679697227', 'emma.leroy613@email.com', '2022-06-21', '2024-08-11', 2),
(614, '06000', 'Durand', 'Sophie', '0677209148', 'sophie.durand614@email.com', '2023-02-21', '2025-12-12', 5),
(615, '06000', 'Dubois', 'Julien', '0689493809', 'julien.dubois615@email.com', '2021-06-07', '2024-02-20', 3),
(616, '06000', 'Robert', 'Julien', '0659650657', 'julien.robert616@email.com', '2022-10-17', '2025-06-01', 3),
(617, '31000', 'Thomas', 'Julien', '0667621681', 'julien.thomas617@email.com', '2022-04-19', '2024-01-23', 4),
(618, '31000', 'Petit', 'Paul', '0676673312', 'paul.petit618@email.com', '2022-09-22', '2024-06-22', 1),
(619, '69001', 'Martin', 'Marie', '0626550620', 'marie.martin619@email.com', '2022-04-08', '2025-07-18', 3),
(620, '35000', 'Martin', 'Sophie', '0617535382', 'sophie.martin620@email.com', '2023-05-20', '2025-06-13', 4),
(621, '75001', 'Leroy', 'Paul', '0625240189', 'paul.leroy621@email.com', '2022-05-06', '2025-07-28', 4),
(622, '31000', 'Petit', 'Pierre', '0635501317', 'pierre.petit622@email.com', '2021-11-08', '2025-09-08', 5),
(623, '33000', 'Durand', 'Paul', '0686150280', 'paul.durand623@email.com', '2021-01-07', '2025-07-07', 4),
(624, '33000', 'Durand', 'Emma', '0615168197', 'emma.durand624@email.com', '2023-02-08', '2024-12-24', 4),
(625, '67000', 'Robert', 'Jean', '0644744848', 'jean.robert625@email.com', '2023-03-05', '2024-07-22', 5),
(626, '33000', 'Dubois', 'Sophie', '0641623589', 'sophie.dubois626@email.com', '2023-07-12', '2024-02-03', 2),
(627, '35000', 'Thomas', 'Lucie', '0670758800', 'lucie.thomas627@email.com', '2022-09-22', '2024-02-13', 5),
(628, '13001', 'Richard', 'Sophie', '0666001894', 'sophie.richard628@email.com', '2021-02-12', '2025-04-25', 1),
(629, '69001', 'Petit', 'Paul', '0659975394', 'paul.petit629@email.com', '2023-07-02', '2024-08-05', 4),
(630, '06000', 'Petit', 'Jean', '0625558610', 'jean.petit630@email.com', '2023-06-05', '2024-01-14', 5),
(631, '13001', 'Thomas', 'Louis', '0693300142', 'louis.thomas631@email.com', '2022-10-16', '2025-09-08', 4),
(632, '59000', 'Thomas', 'Pierre', '0680595590', 'pierre.thomas632@email.com', '2022-04-06', '2024-04-21', 4),
(633, '59000', 'Thomas', 'Louis', '0624377483', 'louis.thomas633@email.com', '2021-07-23', '2024-05-28', 4),
(634, '75001', 'Dupont', 'Marie', '0621771110', 'marie.dupont634@email.com', '2022-08-03', '2024-04-09', 5),
(635, '59000', 'Dupont', 'Pierre', '0667136134', 'pierre.dupont635@email.com', '2021-12-02', '2024-01-26', 2),
(636, '13001', 'Richard', 'Nicolas', '0661710443', 'nicolas.richard636@email.com', '2023-10-11', '2025-12-07', 5),
(637, '75001', 'Petit', 'Nicolas', '0672328682', 'nicolas.petit637@email.com', '2021-11-07', '2025-01-16', 4),
(638, '75001', 'Durand', 'Marie', '0615439541', 'marie.durand638@email.com', '2022-01-19', '2025-02-12', 4),
(639, '06000', 'Robert', 'Jean', '0656145603', 'jean.robert639@email.com', '2021-02-12', '2024-12-28', 2),
(640, '44000', 'Thomas', 'Pierre', '0641474237', 'pierre.thomas640@email.com', '2021-02-05', '2025-06-12', 1),
(641, '69001', 'Martin', 'Julien', '0616112666', 'julien.martin641@email.com', '2023-11-12', '2025-09-07', 2),
(642, '69001', 'Richard', 'Jean', '0677814009', 'jean.richard642@email.com', '2023-10-23', '2025-11-15', 1),
(643, '69001', 'Durand', 'Pierre', '0612358149', 'pierre.durand643@email.com', '2022-09-12', '2025-09-09', 2),
(644, '59000', 'Leroy', 'Lucie', '0689479148', 'lucie.leroy644@email.com', '2023-09-11', '2025-02-01', 1),
(645, '33000', 'Durand', 'Lucie', '0656145012', 'lucie.durand645@email.com', '2022-02-21', '2024-07-04', 3),
(646, '31000', 'Dupont', 'Louis', '0637928539', 'louis.dupont646@email.com', '2022-05-09', '2024-10-26', 2),
(647, '31000', 'Bernard', 'Lucie', '0699108792', 'lucie.bernard647@email.com', '2023-06-28', '2024-06-08', 5),
(648, '44000', 'Leroy', 'Pierre', '0659621430', 'pierre.leroy648@email.com', '2022-05-27', '2024-11-06', 1),
(649, '35000', 'Bernard', 'Louis', '0618729915', 'louis.bernard649@email.com', '2021-02-12', '2025-02-06', 1),
(650, '69001', 'Martin', 'Emma', '0647114942', 'emma.martin650@email.com', '2023-12-24', '2024-05-22', 3),
(651, '13001', 'Bernard', 'Emma', '0657346347', 'emma.bernard651@email.com', '2022-06-12', '2024-03-19', 5),
(652, '31000', 'Dubois', 'Nicolas', '0630820749', 'nicolas.dubois652@email.com', '2021-08-27', '2024-01-13', 3),
(653, '33000', 'Petit', 'Nicolas', '0688649391', 'nicolas.petit653@email.com', '2023-12-14', '2024-04-24', 4),
(654, '44000', 'Dupont', 'Pierre', '0682092632', 'pierre.dupont654@email.com', '2022-07-27', '2024-03-10', 2),
(655, '59000', 'Leroy', 'Marie', '0665152912', 'marie.leroy655@email.com', '2022-03-14', '2024-03-01', 1),
(656, '59000', 'Bernard', 'Pierre', '0690157479', 'pierre.bernard656@email.com', '2023-08-01', '2025-02-19', 5),
(657, '31000', 'Robert', 'Nicolas', '0621435907', 'nicolas.robert657@email.com', '2021-05-26', '2025-02-17', 2),
(658, '35000', 'Petit', 'Marie', '0621122259', 'marie.petit658@email.com', '2022-07-07', '2024-04-23', 3),
(659, '44000', 'Robert', 'Lucie', '0665305689', 'lucie.robert659@email.com', '2023-05-17', '2025-10-09', 5),
(660, '31000', 'Robert', 'Jean', '0699707927', 'jean.robert660@email.com', '2023-08-18', '2024-08-27', 1),
(661, '13001', 'Dupont', 'Louis', '0617573915', 'louis.dupont661@email.com', '2023-10-14', '2025-01-22', 4),
(662, '75001', 'Durand', 'Nicolas', '0671378801', 'nicolas.durand662@email.com', '2021-06-03', '2024-08-01', 1),
(663, '35000', 'Richard', 'Pierre', '0670258880', 'pierre.richard663@email.com', '2022-08-18', '2025-07-17', 5),
(664, '35000', 'Martin', 'Emma', '0633244017', 'emma.martin664@email.com', '2021-04-06', '2025-02-04', 2),
(665, '75001', 'Martin', 'Sophie', '0643513523', 'sophie.martin665@email.com', '2022-06-16', '2025-07-28', 3),
(666, '31000', 'Dubois', 'Nicolas', '0676423576', 'nicolas.dubois666@email.com', '2021-04-26', '2025-02-13', 4),
(667, '69001', 'Dubois', 'Paul', '0615194146', 'paul.dubois667@email.com', '2021-10-20', '2025-10-09', 2),
(668, '69001', 'Martin', 'Paul', '0682164722', 'paul.martin668@email.com', '2022-11-10', '2024-09-03', 4),
(669, '13001', 'Dubois', 'Pierre', '0623849896', 'pierre.dubois669@email.com', '2021-06-27', '2025-04-12', 4),
(670, '33000', 'Bernard', 'Paul', '0677877290', 'paul.bernard670@email.com', '2023-11-03', '2024-05-26', 5),
(671, '75001', 'Leroy', 'Sophie', '0631255223', 'sophie.leroy671@email.com', '2021-02-25', '2024-04-27', 3),
(672, '67000', 'Richard', 'Pierre', '0639981855', 'pierre.richard672@email.com', '2023-08-15', '2025-09-17', 2),
(673, '06000', 'Bernard', 'Lucie', '0643783913', 'lucie.bernard673@email.com', '2022-02-05', '2025-10-28', 5),
(674, '31000', 'Thomas', 'Marie', '0673433569', 'marie.thomas674@email.com', '2023-09-13', '2025-10-01', 1),
(675, '33000', 'Durand', 'Paul', '0681555619', 'paul.durand675@email.com', '2021-05-25', '2025-11-18', 1),
(676, '59000', 'Bernard', 'Julien', '0674071042', 'julien.bernard676@email.com', '2023-05-21', '2025-11-23', 1),
(677, '69001', 'Durand', 'Sophie', '0628777707', 'sophie.durand677@email.com', '2023-03-14', '2024-11-25', 3),
(678, '44000', 'Leroy', 'Jean', '0692143953', 'jean.leroy678@email.com', '2021-03-04', '2024-07-13', 5),
(679, '75001', 'Dupont', 'Julien', '0635714413', 'julien.dupont679@email.com', '2021-02-10', '2024-07-18', 5),
(680, '13001', 'Robert', 'Marie', '0614532794', 'marie.robert680@email.com', '2022-03-22', '2024-08-28', 2),
(681, '44000', 'Durand', 'Paul', '0666293803', 'paul.durand681@email.com', '2022-08-13', '2025-05-08', 4),
(682, '69001', 'Martin', 'Nicolas', '0677100591', 'nicolas.martin682@email.com', '2021-11-27', '2024-10-14', 5),
(683, '33000', 'Thomas', 'Nicolas', '0670592031', 'nicolas.thomas683@email.com', '2022-08-07', '2025-07-26', 5),
(684, '69001', 'Dupont', 'Pierre', '0694337130', 'pierre.dupont684@email.com', '2023-04-09', '2025-08-09', 2),
(685, '67000', 'Bernard', 'Pierre', '0654961670', 'pierre.bernard685@email.com', '2022-06-15', '2024-03-26', 4),
(686, '35000', 'Bernard', 'Lucie', '0649419776', 'lucie.bernard686@email.com', '2022-11-13', '2024-09-20', 3),
(687, '69001', 'Martin', 'Marie', '0659245054', 'marie.martin687@email.com', '2023-03-03', '2025-12-23', 3),
(688, '06000', 'Leroy', 'Marie', '0673161589', 'marie.leroy688@email.com', '2022-12-19', '2025-11-12', 4),
(689, '44000', 'Thomas', 'Emma', '0626498918', 'emma.thomas689@email.com', '2021-09-14', '2024-06-03', 4),
(690, '59000', 'Dupont', 'Pierre', '0658274218', 'pierre.dupont690@email.com', '2021-06-19', '2024-08-23', 1),
(691, '35000', 'Petit', 'Paul', '0664060965', 'paul.petit691@email.com', '2023-01-18', '2024-02-23', 5),
(692, '33000', 'Leroy', 'Lucie', '0627811055', 'lucie.leroy692@email.com', '2021-02-25', '2025-12-25', 2),
(693, '33000', 'Bernard', 'Lucie', '0649705672', 'lucie.bernard693@email.com', '2021-11-09', '2024-02-04', 1),
(694, '31000', 'Dupont', 'Nicolas', '0676547666', 'nicolas.dupont694@email.com', '2022-02-08', '2024-11-17', 2),
(695, '69001', 'Durand', 'Emma', '0658728401', 'emma.durand695@email.com', '2022-06-08', '2024-06-01', 5),
(696, '44000', 'Thomas', 'Paul', '0694475850', 'paul.thomas696@email.com', '2021-09-03', '2025-12-11', 2),
(697, '06000', 'Petit', 'Julien', '0623881223', 'julien.petit697@email.com', '2023-06-20', '2025-09-08', 1),
(698, '44000', 'Durand', 'Emma', '0631501957', 'emma.durand698@email.com', '2022-01-22', '2024-11-01', 5),
(699, '33000', 'Martin', 'Marie', '0682483477', 'marie.martin699@email.com', '2023-01-19', '2024-02-10', 5),
(700, '59000', 'Petit', 'Nicolas', '0658652302', 'nicolas.petit700@email.com', '2021-11-09', '2025-01-23', 5),
(701, '44000', 'Durand', 'Marie', '0680500320', 'marie.durand701@email.com', '2022-08-23', '2024-03-21', 4),
(702, '33000', 'Bernard', 'Jean', '0622173564', 'jean.bernard702@email.com', '2023-04-11', '2024-04-24', 4),
(703, '33000', 'Richard', 'Lucie', '0637488363', 'lucie.richard703@email.com', '2023-05-10', '2025-08-24', 3),
(704, '13001', 'Thomas', 'Nicolas', '0644590127', 'nicolas.thomas704@email.com', '2023-03-25', '2025-03-18', 5),
(705, '13001', 'Richard', 'Paul', '0632120352', 'paul.richard705@email.com', '2022-04-11', '2025-05-09', 4),
(706, '06000', 'Dupont', 'Louis', '0692127055', 'louis.dupont706@email.com', '2023-07-05', '2025-03-25', 3),
(707, '33000', 'Martin', 'Sophie', '0651673228', 'sophie.martin707@email.com', '2021-09-19', '2024-10-23', 5),
(708, '69001', 'Robert', 'Jean', '0693079806', 'jean.robert708@email.com', '2021-01-15', '2024-04-22', 4),
(709, '13001', 'Durand', 'Sophie', '0633127540', 'sophie.durand709@email.com', '2023-04-18', '2024-10-19', 3),
(710, '06000', 'Thomas', 'Pierre', '0668048641', 'pierre.thomas710@email.com', '2021-04-16', '2024-06-05', 1),
(711, '33000', 'Dubois', 'Louis', '0680537271', 'louis.dubois711@email.com', '2022-09-01', '2024-05-26', 4),
(712, '59000', 'Dupont', 'Julien', '0636457271', 'julien.dupont712@email.com', '2021-09-18', '2025-08-07', 2),
(713, '13001', 'Martin', 'Paul', '0678431699', 'paul.martin713@email.com', '2022-01-17', '2024-08-28', 2),
(714, '67000', 'Robert', 'Jean', '0613420411', 'jean.robert714@email.com', '2023-11-20', '2025-12-02', 4),
(715, '13001', 'Martin', 'Nicolas', '0636905077', 'nicolas.martin715@email.com', '2021-03-09', '2024-02-22', 2),
(716, '69001', 'Leroy', 'Jean', '0672939730', 'jean.leroy716@email.com', '2022-10-20', '2024-05-07', 5),
(717, '69001', 'Richard', 'Marie', '0618308874', 'marie.richard717@email.com', '2023-02-24', '2025-02-24', 1),
(718, '59000', 'Dupont', 'Julien', '0650825002', 'julien.dupont718@email.com', '2023-06-04', '2025-10-11', 4),
(719, '75001', 'Dupont', 'Marie', '0646869963', 'marie.dupont719@email.com', '2023-12-12', '2024-04-12', 3),
(720, '67000', 'Dubois', 'Sophie', '0612981661', 'sophie.dubois720@email.com', '2022-03-20', '2025-10-03', 4),
(721, '13001', 'Bernard', 'Jean', '0644960430', 'jean.bernard721@email.com', '2023-09-18', '2024-01-01', 1),
(722, '69001', 'Robert', 'Emma', '0659041617', 'emma.robert722@email.com', '2023-08-19', '2025-06-28', 3),
(723, '06000', 'Leroy', 'Marie', '0683176169', 'marie.leroy723@email.com', '2023-08-27', '2025-05-04', 1),
(724, '13001', 'Leroy', 'Paul', '0691230295', 'paul.leroy724@email.com', '2023-10-28', '2024-03-22', 4),
(725, '33000', 'Petit', 'Emma', '0634660901', 'emma.petit725@email.com', '2021-12-01', '2024-10-13', 2),
(726, '69001', 'Dubois', 'Nicolas', '0613515328', 'nicolas.dubois726@email.com', '2021-10-21', '2024-12-09', 1),
(727, '69001', 'Thomas', 'Emma', '0646670261', 'emma.thomas727@email.com', '2022-10-18', '2025-08-01', 3),
(728, '31000', 'Durand', 'Nicolas', '0692992616', 'nicolas.durand728@email.com', '2021-03-25', '2025-06-05', 2),
(729, '44000', 'Thomas', 'Marie', '0613589288', 'marie.thomas729@email.com', '2023-01-19', '2025-10-04', 2),
(730, '75001', 'Durand', 'Marie', '0681632409', 'marie.durand730@email.com', '2021-10-01', '2024-12-07', 4),
(731, '06000', 'Thomas', 'Louis', '0654421048', 'louis.thomas731@email.com', '2022-05-09', '2025-05-19', 4),
(732, '44000', 'Dupont', 'Sophie', '0627474617', 'sophie.dupont732@email.com', '2022-12-09', '2024-11-23', 3),
(733, '31000', 'Durand', 'Marie', '0614472241', 'marie.durand733@email.com', '2021-10-02', '2025-07-17', 4),
(734, '67000', 'Leroy', 'Pierre', '0665236453', 'pierre.leroy734@email.com', '2023-06-20', '2024-04-21', 1),
(735, '44000', 'Leroy', 'Nicolas', '0638111175', 'nicolas.leroy735@email.com', '2023-04-07', '2024-06-24', 3),
(736, '59000', 'Thomas', 'Jean', '0672575321', 'jean.thomas736@email.com', '2023-12-05', '2024-12-07', 1),
(737, '75001', 'Dubois', 'Lucie', '0623763613', 'lucie.dubois737@email.com', '2022-10-13', '2024-10-16', 1),
(738, '06000', 'Richard', 'Louis', '0626732952', 'louis.richard738@email.com', '2021-07-26', '2024-09-08', 5),
(739, '59000', 'Leroy', 'Lucie', '0675536216', 'lucie.leroy739@email.com', '2021-11-09', '2024-04-12', 1),
(740, '13001', 'Dupont', 'Pierre', '0653167030', 'pierre.dupont740@email.com', '2021-07-26', '2025-01-28', 2),
(741, '75001', 'Leroy', 'Jean', '0676899935', 'jean.leroy741@email.com', '2023-09-07', '2025-10-25', 1),
(742, '67000', 'Petit', 'Nicolas', '0635523525', 'nicolas.petit742@email.com', '2023-12-09', '2025-06-03', 4),
(743, '13001', 'Richard', 'Sophie', '0699276695', 'sophie.richard743@email.com', '2023-04-27', '2025-05-20', 5),
(744, '69001', 'Robert', 'Lucie', '0689920098', 'lucie.robert744@email.com', '2021-09-18', '2024-10-19', 1),
(745, '13001', 'Thomas', 'Louis', '0628192216', 'louis.thomas745@email.com', '2022-04-28', '2024-10-09', 1),
(746, '59000', 'Thomas', 'Marie', '0628688917', 'marie.thomas746@email.com', '2022-06-20', '2024-04-04', 1),
(747, '35000', 'Dubois', 'Sophie', '0696212798', 'sophie.dubois747@email.com', '2023-11-10', '2024-05-07', 3),
(748, '75001', 'Bernard', 'Emma', '0667035353', 'emma.bernard748@email.com', '2023-01-25', '2024-09-07', 4),
(749, '13001', 'Bernard', 'Lucie', '0658345548', 'lucie.bernard749@email.com', '2023-01-18', '2025-01-14', 2),
(750, '59000', 'Bernard', 'Nicolas', '0639588509', 'nicolas.bernard750@email.com', '2023-05-11', '2025-07-03', 4),
(751, '35000', 'Thomas', 'Sophie', '0662661544', 'sophie.thomas751@email.com', '2023-12-04', '2024-09-26', 1),
(752, '13001', 'Robert', 'Nicolas', '0632809988', 'nicolas.robert752@email.com', '2022-04-03', '2024-07-26', 1),
(753, '67000', 'Durand', 'Louis', '0634989174', 'louis.durand753@email.com', '2023-08-04', '2024-05-11', 1),
(754, '06000', 'Martin', 'Marie', '0632214309', 'marie.martin754@email.com', '2021-10-09', '2024-09-15', 4),
(755, '75001', 'Durand', 'Pierre', '0613193367', 'pierre.durand755@email.com', '2023-12-02', '2024-04-27', 1),
(756, '75001', 'Petit', 'Nicolas', '0636786931', 'nicolas.petit756@email.com', '2023-04-26', '2024-05-12', 3),
(757, '59000', 'Dupont', 'Paul', '0694636762', 'paul.dupont757@email.com', '2021-08-06', '2024-01-08', 2),
(758, '67000', 'Leroy', 'Louis', '0686185472', 'louis.leroy758@email.com', '2022-12-27', '2025-10-22', 4),
(759, '69001', 'Leroy', 'Paul', '0669739056', 'paul.leroy759@email.com', '2023-10-05', '2024-05-20', 1),
(760, '31000', 'Martin', 'Nicolas', '0684073348', 'nicolas.martin760@email.com', '2021-12-23', '2024-07-22', 1),
(761, '31000', 'Thomas', 'Lucie', '0614690608', 'lucie.thomas761@email.com', '2021-04-10', '2025-10-21', 1),
(762, '31000', 'Martin', 'Sophie', '0635675526', 'sophie.martin762@email.com', '2023-02-11', '2025-09-18', 2),
(763, '33000', 'Dubois', 'Jean', '0670207042', 'jean.dubois763@email.com', '2023-03-23', '2025-04-26', 2),
(764, '35000', 'Dubois', 'Louis', '0648700039', 'louis.dubois764@email.com', '2023-07-13', '2025-01-11', 2),
(765, '44000', 'Richard', 'Emma', '0613139654', 'emma.richard765@email.com', '2022-10-24', '2024-08-11', 4),
(766, '06000', 'Thomas', 'Nicolas', '0640322564', 'nicolas.thomas766@email.com', '2022-09-09', '2024-09-01', 3),
(767, '06000', 'Martin', 'Louis', '0654968267', 'louis.martin767@email.com', '2022-02-17', '2024-07-23', 5),
(768, '35000', 'Bernard', 'Louis', '0619039075', 'louis.bernard768@email.com', '2022-08-07', '2024-06-08', 5),
(769, '44000', 'Richard', 'Sophie', '0664360202', 'sophie.richard769@email.com', '2021-04-12', '2025-10-25', 4),
(770, '33000', 'Bernard', 'Nicolas', '0690314385', 'nicolas.bernard770@email.com', '2021-09-11', '2025-06-10', 1),
(771, '13001', 'Robert', 'Nicolas', '0627009008', 'nicolas.robert771@email.com', '2023-06-28', '2025-01-13', 2),
(772, '44000', 'Martin', 'Marie', '0654737075', 'marie.martin772@email.com', '2022-07-15', '2025-09-02', 5),
(773, '31000', 'Dupont', 'Lucie', '0666612918', 'lucie.dupont773@email.com', '2023-10-12', '2025-09-24', 3),
(774, '67000', 'Leroy', 'Jean', '0634177416', 'jean.leroy774@email.com', '2023-03-10', '2025-06-10', 4),
(775, '59000', 'Petit', 'Paul', '0620679375', 'paul.petit775@email.com', '2022-12-11', '2024-05-12', 2),
(776, '67000', 'Richard', 'Nicolas', '0687184544', 'nicolas.richard776@email.com', '2021-12-07', '2025-09-22', 2),
(777, '69001', 'Dupont', 'Louis', '0660472454', 'louis.dupont777@email.com', '2021-01-06', '2025-03-03', 3),
(778, '33000', 'Martin', 'Pierre', '0672628979', 'pierre.martin778@email.com', '2023-05-07', '2025-04-06', 3),
(779, '35000', 'Dupont', 'Jean', '0693133830', 'jean.dupont779@email.com', '2023-03-07', '2024-03-12', 1),
(780, '35000', 'Dubois', 'Paul', '0639590266', 'paul.dubois780@email.com', '2021-11-22', '2025-12-26', 4),
(781, '44000', 'Durand', 'Louis', '0637045255', 'louis.durand781@email.com', '2022-09-21', '2025-11-05', 1),
(782, '67000', 'Durand', 'Lucie', '0664094978', 'lucie.durand782@email.com', '2022-12-15', '2024-03-01', 1),
(783, '13001', 'Leroy', 'Lucie', '0678152654', 'lucie.leroy783@email.com', '2021-01-17', '2024-12-26', 4),
(784, '35000', 'Dupont', 'Paul', '0625817090', 'paul.dupont784@email.com', '2023-06-11', '2025-06-05', 3),
(785, '69001', 'Dubois', 'Pierre', '0647656839', 'pierre.dubois785@email.com', '2021-02-02', '2025-12-19', 1),
(786, '67000', 'Thomas', 'Louis', '0636548511', 'louis.thomas786@email.com', '2021-10-10', '2024-01-14', 5),
(787, '33000', 'Dupont', 'Lucie', '0643872112', 'lucie.dupont787@email.com', '2021-04-11', '2025-04-18', 4),
(788, '75001', 'Petit', 'Paul', '0672550235', 'paul.petit788@email.com', '2022-02-28', '2025-08-13', 5),
(789, '75001', 'Richard', 'Paul', '0650190282', 'paul.richard789@email.com', '2023-02-09', '2025-08-24', 3),
(790, '13001', 'Durand', 'Louis', '0685443578', 'louis.durand790@email.com', '2021-05-06', '2024-10-28', 2),
(791, '06000', 'Durand', 'Marie', '0686290702', 'marie.durand791@email.com', '2023-12-15', '2024-04-26', 4),
(792, '67000', 'Petit', 'Emma', '0674495614', 'emma.petit792@email.com', '2021-08-20', '2025-12-08', 4),
(793, '31000', 'Richard', 'Emma', '0680500227', 'emma.richard793@email.com', '2022-11-21', '2024-06-14', 4),
(794, '31000', 'Martin', 'Jean', '0640553756', 'jean.martin794@email.com', '2021-05-15', '2025-09-18', 3),
(795, '13001', 'Martin', 'Lucie', '0646553490', 'lucie.martin795@email.com', '2022-11-11', '2025-07-21', 1),
(796, '06000', 'Bernard', 'Emma', '0621903380', 'emma.bernard796@email.com', '2023-10-11', '2024-04-25', 1),
(797, '35000', 'Thomas', 'Pierre', '0651581766', 'pierre.thomas797@email.com', '2023-06-17', '2024-05-17', 4),
(798, '44000', 'Leroy', 'Julien', '0648300484', 'julien.leroy798@email.com', '2022-07-19', '2024-07-07', 2),
(799, '31000', 'Richard', 'Paul', '0614074397', 'paul.richard799@email.com', '2022-09-25', '2024-09-25', 4),
(800, '33000', 'Petit', 'Emma', '0681393861', 'emma.petit800@email.com', '2021-07-10', '2024-09-15', 5),
(801, '69001', 'Petit', 'Lucie', '0689008201', 'lucie.petit801@email.com', '2023-05-12', '2024-06-09', 2),
(802, '59000', 'Bernard', 'Nicolas', '0686253558', 'nicolas.bernard802@email.com', '2021-09-07', '2024-09-09', 2),
(803, '13001', 'Dupont', 'Jean', '0626003196', 'jean.dupont803@email.com', '2023-12-14', '2025-10-24', 3),
(804, '33000', 'Robert', 'Paul', '0620007485', 'paul.robert804@email.com', '2023-02-11', '2025-04-15', 1),
(805, '35000', 'Leroy', 'Nicolas', '0614767807', 'nicolas.leroy805@email.com', '2023-04-17', '2025-02-01', 5),
(806, '33000', 'Dubois', 'Louis', '0658417643', 'louis.dubois806@email.com', '2022-07-24', '2024-11-10', 3),
(807, '67000', 'Richard', 'Nicolas', '0654497410', 'nicolas.richard807@email.com', '2021-03-24', '2025-02-23', 3),
(808, '31000', 'Robert', 'Nicolas', '0622058503', 'nicolas.robert808@email.com', '2021-03-08', '2024-08-09', 3),
(809, '44000', 'Richard', 'Julien', '0624432233', 'julien.richard809@email.com', '2021-08-04', '2024-02-07', 4),
(810, '67000', 'Petit', 'Sophie', '0619437705', 'sophie.petit810@email.com', '2021-06-04', '2024-07-09', 4),
(811, '31000', 'Durand', 'Lucie', '0662885910', 'lucie.durand811@email.com', '2023-02-04', '2025-10-09', 4),
(812, '59000', 'Bernard', 'Julien', '0619038288', 'julien.bernard812@email.com', '2023-05-23', '2024-07-05', 4),
(813, '13001', 'Martin', 'Sophie', '0635056205', 'sophie.martin813@email.com', '2022-08-28', '2024-06-05', 4),
(814, '67000', 'Robert', 'Emma', '0667237133', 'emma.robert814@email.com', '2021-01-07', '2025-09-12', 4),
(815, '13001', 'Petit', 'Emma', '0611750994', 'emma.petit815@email.com', '2023-01-15', '2024-06-17', 4),
(816, '06000', 'Martin', 'Nicolas', '0642701163', 'nicolas.martin816@email.com', '2023-09-13', '2024-11-23', 2),
(817, '31000', 'Robert', 'Jean', '0631038651', 'jean.robert817@email.com', '2021-04-19', '2025-02-02', 2),
(818, '35000', 'Dubois', 'Paul', '0666360887', 'paul.dubois818@email.com', '2021-01-11', '2024-01-22', 4),
(819, '13001', 'Leroy', 'Sophie', '0675569668', 'sophie.leroy819@email.com', '2023-09-26', '2025-11-08', 5),
(820, '59000', 'Bernard', 'Julien', '0615750122', 'julien.bernard820@email.com', '2023-11-27', '2024-11-15', 2),
(821, '06000', 'Leroy', 'Louis', '0684945665', 'louis.leroy821@email.com', '2021-07-23', '2024-06-22', 4),
(822, '31000', 'Leroy', 'Louis', '0678826152', 'louis.leroy822@email.com', '2023-02-20', '2025-04-13', 2),
(823, '69001', 'Thomas', 'Jean', '0611901566', 'jean.thomas823@email.com', '2022-09-10', '2025-11-09', 4),
(824, '13001', 'Thomas', 'Emma', '0656696546', 'emma.thomas824@email.com', '2023-02-11', '2024-03-12', 5),
(825, '67000', 'Dupont', 'Sophie', '0688783562', 'sophie.dupont825@email.com', '2022-06-18', '2024-06-11', 4),
(826, '67000', 'Thomas', 'Jean', '0641864929', 'jean.thomas826@email.com', '2023-06-24', '2024-11-17', 2),
(827, '13001', 'Robert', 'Emma', '0667130608', 'emma.robert827@email.com', '2023-06-12', '2024-03-02', 1),
(828, '33000', 'Durand', 'Pierre', '0664996053', 'pierre.durand828@email.com', '2021-10-03', '2024-03-27', 2),
(829, '69001', 'Leroy', 'Nicolas', '0659632547', 'nicolas.leroy829@email.com', '2023-11-15', '2024-02-06', 3),
(830, '44000', 'Dubois', 'Lucie', '0694498605', 'lucie.dubois830@email.com', '2021-03-15', '2025-03-15', 5),
(831, '59000', 'Richard', 'Emma', '0620769609', 'emma.richard831@email.com', '2023-01-16', '2024-06-12', 4),
(832, '44000', 'Thomas', 'Pierre', '0681602990', 'pierre.thomas832@email.com', '2022-06-13', '2025-10-05', 2),
(833, '06000', 'Leroy', 'Lucie', '0666468053', 'lucie.leroy833@email.com', '2023-03-25', '2024-01-21', 5),
(834, '31000', 'Richard', 'Sophie', '0683128345', 'sophie.richard834@email.com', '2021-04-17', '2025-04-03', 3),
(835, '33000', 'Richard', 'Nicolas', '0697624949', 'nicolas.richard835@email.com', '2022-03-12', '2024-06-23', 2),
(836, '69001', 'Durand', 'Lucie', '0640998079', 'lucie.durand836@email.com', '2021-08-14', '2025-10-08', 5),
(837, '44000', 'Martin', 'Pierre', '0663161683', 'pierre.martin837@email.com', '2021-10-12', '2024-12-28', 3),
(838, '67000', 'Thomas', 'Pierre', '0645863004', 'pierre.thomas838@email.com', '2022-12-12', '2025-10-13', 1),
(839, '33000', 'Dubois', 'Paul', '0622003182', 'paul.dubois839@email.com', '2021-03-17', '2024-12-15', 5),
(840, '67000', 'Leroy', 'Julien', '0684097094', 'julien.leroy840@email.com', '2022-01-16', '2025-02-06', 3),
(841, '13001', 'Robert', 'Louis', '0658520148', 'louis.robert841@email.com', '2021-02-20', '2025-11-22', 4),
(842, '06000', 'Durand', 'Julien', '0689195804', 'julien.durand842@email.com', '2023-04-26', '2025-01-20', 3),
(843, '06000', 'Petit', 'Sophie', '0627319484', 'sophie.petit843@email.com', '2022-03-11', '2024-07-27', 3),
(844, '33000', 'Durand', 'Nicolas', '0663719814', 'nicolas.durand844@email.com', '2021-06-28', '2025-05-13', 2),
(845, '59000', 'Dupont', 'Julien', '0682376772', 'julien.dupont845@email.com', '2023-07-27', '2024-11-10', 3),
(846, '13001', 'Thomas', 'Julien', '0653684921', 'julien.thomas846@email.com', '2021-12-10', '2025-02-24', 1),
(847, '44000', 'Martin', 'Louis', '0644686889', 'louis.martin847@email.com', '2022-11-07', '2024-11-22', 5),
(848, '13001', 'Leroy', 'Julien', '0661491009', 'julien.leroy848@email.com', '2021-06-06', '2025-12-16', 2),
(849, '31000', 'Martin', 'Pierre', '0638714534', 'pierre.martin849@email.com', '2023-01-16', '2024-05-18', 3),
(850, '59000', 'Dupont', 'Nicolas', '0693769657', 'nicolas.dupont850@email.com', '2022-11-08', '2024-06-06', 1),
(851, '35000', 'Dupont', 'Pierre', '0693414513', 'pierre.dupont851@email.com', '2021-10-26', '2025-07-07', 4),
(852, '69001', 'Robert', 'Pierre', '0665807775', 'pierre.robert852@email.com', '2023-03-19', '2025-02-24', 1),
(853, '67000', 'Robert', 'Julien', '0692834084', 'julien.robert853@email.com', '2022-09-03', '2025-04-12', 2),
(854, '35000', 'Dupont', 'Paul', '0684268768', 'paul.dupont854@email.com', '2022-02-20', '2025-04-04', 5),
(855, '35000', 'Robert', 'Pierre', '0698110641', 'pierre.robert855@email.com', '2023-07-08', '2025-08-02', 4),
(856, '06000', 'Bernard', 'Pierre', '0693806725', 'pierre.bernard856@email.com', '2023-09-02', '2025-12-09', 3),
(857, '69001', 'Robert', 'Sophie', '0663889309', 'sophie.robert857@email.com', '2022-06-07', '2024-05-21', 4),
(858, '35000', 'Richard', 'Jean', '0618972598', 'jean.richard858@email.com', '2023-11-14', '2025-06-08', 2),
(859, '75001', 'Thomas', 'Louis', '0653876616', 'louis.thomas859@email.com', '2021-10-02', '2024-12-13', 4),
(860, '59000', 'Bernard', 'Sophie', '0679424884', 'sophie.bernard860@email.com', '2022-10-14', '2025-09-27', 2),
(861, '13001', 'Richard', 'Louis', '0694039112', 'louis.richard861@email.com', '2021-12-07', '2024-04-09', 5),
(862, '35000', 'Bernard', 'Paul', '0659936694', 'paul.bernard862@email.com', '2022-07-04', '2024-11-19', 1),
(863, '33000', 'Bernard', 'Nicolas', '0691030729', 'nicolas.bernard863@email.com', '2023-03-24', '2024-04-28', 1),
(864, '35000', 'Martin', 'Lucie', '0635955100', 'lucie.martin864@email.com', '2022-06-02', '2025-12-10', 3),
(865, '67000', 'Bernard', 'Jean', '0678512627', 'jean.bernard865@email.com', '2021-05-24', '2024-06-11', 1),
(866, '35000', 'Bernard', 'Sophie', '0649963134', 'sophie.bernard866@email.com', '2021-07-10', '2024-02-05', 5),
(867, '33000', 'Richard', 'Jean', '0619442138', 'jean.richard867@email.com', '2021-11-23', '2025-05-05', 3),
(868, '44000', 'Martin', 'Marie', '0641589472', 'marie.martin868@email.com', '2021-01-03', '2024-07-22', 4),
(869, '44000', 'Robert', 'Emma', '0697287938', 'emma.robert869@email.com', '2022-03-21', '2024-11-10', 1),
(870, '31000', 'Dubois', 'Nicolas', '0687988395', 'nicolas.dubois870@email.com', '2022-02-07', '2025-10-01', 5),
(871, '31000', 'Dupont', 'Emma', '0615444380', 'emma.dupont871@email.com', '2023-06-26', '2025-07-12', 3),
(872, '06000', 'Durand', 'Nicolas', '0695885246', 'nicolas.durand872@email.com', '2022-10-22', '2024-02-08', 4),
(873, '69001', 'Thomas', 'Emma', '0652008735', 'emma.thomas873@email.com', '2021-03-19', '2024-02-11', 4),
(874, '35000', 'Robert', 'Jean', '0642135565', 'jean.robert874@email.com', '2022-08-01', '2025-05-09', 3),
(875, '44000', 'Dubois', 'Jean', '0679495094', 'jean.dubois875@email.com', '2022-03-22', '2024-10-09', 4),
(876, '59000', 'Durand', 'Nicolas', '0678020688', 'nicolas.durand876@email.com', '2022-03-24', '2025-12-04', 5),
(877, '44000', 'Petit', 'Sophie', '0610194213', 'sophie.petit877@email.com', '2021-08-27', '2024-09-05', 5),
(878, '59000', 'Robert', 'Louis', '0649234995', 'louis.robert878@email.com', '2021-02-23', '2025-08-05', 4),
(879, '33000', 'Petit', 'Lucie', '0652081255', 'lucie.petit879@email.com', '2023-06-01', '2024-08-02', 1),
(880, '59000', 'Thomas', 'Paul', '0685101412', 'paul.thomas880@email.com', '2021-09-16', '2025-12-27', 2),
(881, '13001', 'Durand', 'Sophie', '0621826048', 'sophie.durand881@email.com', '2023-06-09', '2025-02-19', 5),
(882, '67000', 'Durand', 'Paul', '0632208681', 'paul.durand882@email.com', '2022-01-23', '2025-10-22', 4),
(883, '31000', 'Dubois', 'Lucie', '0633114151', 'lucie.dubois883@email.com', '2022-03-11', '2025-11-03', 4),
(884, '67000', 'Petit', 'Lucie', '0639386574', 'lucie.petit884@email.com', '2022-08-09', '2025-09-10', 2),
(885, '13001', 'Dubois', 'Jean', '0632109122', 'jean.dubois885@email.com', '2022-01-10', '2024-10-09', 2),
(886, '31000', 'Richard', 'Sophie', '0654843707', 'sophie.richard886@email.com', '2022-05-19', '2025-06-21', 3),
(887, '35000', 'Thomas', 'Lucie', '0658500607', 'lucie.thomas887@email.com', '2021-07-13', '2025-06-25', 4),
(888, '75001', 'Leroy', 'Pierre', '0690449670', 'pierre.leroy888@email.com', '2022-11-08', '2025-05-25', 3),
(889, '67000', 'Leroy', 'Jean', '0610366988', 'jean.leroy889@email.com', '2022-06-26', '2025-09-11', 2),
(890, '33000', 'Leroy', 'Paul', '0659660663', 'paul.leroy890@email.com', '2023-12-09', '2025-04-14', 4),
(891, '06000', 'Thomas', 'Marie', '0674508918', 'marie.thomas891@email.com', '2023-08-22', '2025-02-24', 5),
(892, '33000', 'Leroy', 'Paul', '0669851025', 'paul.leroy892@email.com', '2022-11-09', '2025-12-04', 5),
(893, '59000', 'Leroy', 'Pierre', '0677821484', 'pierre.leroy893@email.com', '2021-03-11', '2025-03-08', 4),
(894, '06000', 'Richard', 'Nicolas', '0652040402', 'nicolas.richard894@email.com', '2022-08-14', '2025-03-02', 2),
(895, '69001', 'Thomas', 'Emma', '0651334653', 'emma.thomas895@email.com', '2023-11-13', '2025-12-13', 3),
(896, '67000', 'Dupont', 'Louis', '0685691560', 'louis.dupont896@email.com', '2021-05-08', '2024-11-08', 3),
(897, '69001', 'Durand', 'Sophie', '0611983650', 'sophie.durand897@email.com', '2021-04-15', '2025-11-17', 5),
(898, '35000', 'Martin', 'Lucie', '0636428058', 'lucie.martin898@email.com', '2022-03-07', '2024-05-01', 4),
(899, '44000', 'Bernard', 'Paul', '0640640540', 'paul.bernard899@email.com', '2023-10-12', '2025-10-06', 1),
(900, '13001', 'Dubois', 'Nicolas', '0698738964', 'nicolas.dubois900@email.com', '2023-05-21', '2024-03-22', 4),
(901, '44000', 'Petit', 'Louis', '0670541583', 'louis.petit901@email.com', '2021-09-22', '2025-02-06', 3),
(902, '75001', 'Dubois', 'Nicolas', '0642573960', 'nicolas.dubois902@email.com', '2021-07-16', '2024-07-18', 1),
(903, '31000', 'Petit', 'Louis', '0699623470', 'louis.petit903@email.com', '2022-09-12', '2024-11-17', 3),
(904, '06000', 'Leroy', 'Pierre', '0682279420', 'pierre.leroy904@email.com', '2023-06-04', '2024-06-17', 2),
(905, '75001', 'Dubois', 'Nicolas', '0656292617', 'nicolas.dubois905@email.com', '2022-02-12', '2024-09-03', 3),
(906, '69001', 'Richard', 'Julien', '0695468016', 'julien.richard906@email.com', '2022-07-06', '2025-03-17', 4),
(907, '06000', 'Durand', 'Paul', '0636630028', 'paul.durand907@email.com', '2023-09-21', '2025-05-14', 1),
(908, '06000', 'Thomas', 'Nicolas', '0659474967', 'nicolas.thomas908@email.com', '2022-04-20', '2024-04-09', 4),
(909, '06000', 'Dubois', 'Nicolas', '0636260653', 'nicolas.dubois909@email.com', '2021-10-22', '2024-02-21', 2),
(910, '13001', 'Martin', 'Sophie', '0619037426', 'sophie.martin910@email.com', '2022-11-24', '2024-09-15', 5),
(911, '35000', 'Dupont', 'Jean', '0668410193', 'jean.dupont911@email.com', '2021-08-21', '2025-08-08', 1),
(912, '33000', 'Richard', 'Paul', '0660818875', 'paul.richard912@email.com', '2023-09-25', '2024-08-04', 5),
(913, '35000', 'Martin', 'Julien', '0673500872', 'julien.martin913@email.com', '2022-04-28', '2025-04-28', 5),
(914, '59000', 'Robert', 'Marie', '0651496298', 'marie.robert914@email.com', '2021-04-03', '2024-06-21', 1),
(915, '75001', 'Leroy', 'Lucie', '0694621154', 'lucie.leroy915@email.com', '2022-10-10', '2025-08-28', 3),
(916, '69001', 'Dubois', 'Sophie', '0697238325', 'sophie.dubois916@email.com', '2022-01-28', '2024-08-15', 5),
(917, '06000', 'Leroy', 'Pierre', '0615061146', 'pierre.leroy917@email.com', '2022-06-27', '2025-08-25', 5),
(918, '67000', 'Bernard', 'Sophie', '0617356675', 'sophie.bernard918@email.com', '2022-06-12', '2024-06-12', 5),
(919, '06000', 'Martin', 'Paul', '0641022550', 'paul.martin919@email.com', '2021-07-09', '2024-01-18', 4),
(920, '75001', 'Thomas', 'Jean', '0657992549', 'jean.thomas920@email.com', '2022-04-07', '2025-12-15', 2),
(921, '59000', 'Richard', 'Lucie', '0698025270', 'lucie.richard921@email.com', '2021-05-16', '2024-07-28', 3),
(922, '69001', 'Dupont', 'Lucie', '0616576896', 'lucie.dupont922@email.com', '2021-11-12', '2025-03-09', 1),
(923, '06000', 'Bernard', 'Jean', '0626870755', 'jean.bernard923@email.com', '2022-05-16', '2024-02-27', 3),
(924, '44000', 'Martin', 'Julien', '0657431203', 'julien.martin924@email.com', '2023-03-20', '2024-01-11', 2),
(925, '59000', 'Petit', 'Jean', '0631244828', 'jean.petit925@email.com', '2021-01-23', '2024-06-15', 3),
(926, '13001', 'Martin', 'Jean', '0669752305', 'jean.martin926@email.com', '2022-10-22', '2024-01-27', 4),
(927, '67000', 'Bernard', 'Pierre', '0635064473', 'pierre.bernard927@email.com', '2023-01-28', '2025-12-19', 2),
(928, '69001', 'Robert', 'Paul', '0681229170', 'paul.robert928@email.com', '2022-05-14', '2025-03-03', 3),
(929, '13001', 'Durand', 'Emma', '0628293177', 'emma.durand929@email.com', '2023-11-14', '2025-01-17', 2),
(930, '59000', 'Martin', 'Emma', '0697002011', 'emma.martin930@email.com', '2022-01-27', '2025-09-02', 4),
(931, '31000', 'Richard', 'Louis', '0666010749', 'louis.richard931@email.com', '2022-08-16', '2024-08-14', 4),
(932, '06000', 'Bernard', 'Lucie', '0659472487', 'lucie.bernard932@email.com', '2022-01-11', '2024-02-17', 2),
(933, '44000', 'Dupont', 'Emma', '0626760353', 'emma.dupont933@email.com', '2022-11-18', '2024-10-16', 3),
(934, '44000', 'Leroy', 'Paul', '0631795564', 'paul.leroy934@email.com', '2023-05-20', '2025-08-08', 3),
(935, '67000', 'Richard', 'Julien', '0649453782', 'julien.richard935@email.com', '2023-03-26', '2025-11-12', 2),
(936, '59000', 'Dupont', 'Jean', '0662084414', 'jean.dupont936@email.com', '2023-10-06', '2024-02-12', 4),
(937, '69001', 'Martin', 'Nicolas', '0628417162', 'nicolas.martin937@email.com', '2022-12-11', '2024-01-09', 4),
(938, '69001', 'Martin', 'Jean', '0692215053', 'jean.martin938@email.com', '2023-12-22', '2025-11-27', 5),
(939, '59000', 'Martin', 'Julien', '0650791298', 'julien.martin939@email.com', '2022-03-23', '2025-09-07', 5),
(940, '35000', 'Robert', 'Nicolas', '0616395850', 'nicolas.robert940@email.com', '2023-08-08', '2025-05-26', 1),
(941, '06000', 'Richard', 'Jean', '0617361421', 'jean.richard941@email.com', '2022-10-05', '2025-11-03', 5),
(942, '44000', 'Richard', 'Nicolas', '0631693892', 'nicolas.richard942@email.com', '2022-07-05', '2025-12-13', 4),
(943, '67000', 'Thomas', 'Julien', '0613431288', 'julien.thomas943@email.com', '2023-02-27', '2025-05-05', 4),
(944, '69001', 'Robert', 'Lucie', '0673629733', 'lucie.robert944@email.com', '2023-03-27', '2025-09-28', 2),
(945, '13001', 'Durand', 'Jean', '0676596993', 'jean.durand945@email.com', '2022-12-17', '2025-07-15', 5),
(946, '44000', 'Dupont', 'Pierre', '0687063609', 'pierre.dupont946@email.com', '2023-06-26', '2024-10-16', 3),
(947, '69001', 'Petit', 'Pierre', '0652263169', 'pierre.petit947@email.com', '2021-04-27', '2024-07-24', 1),
(948, '67000', 'Thomas', 'Paul', '0699320535', 'paul.thomas948@email.com', '2022-09-27', '2025-11-07', 2),
(949, '13001', 'Robert', 'Julien', '0690437904', 'julien.robert949@email.com', '2021-03-21', '2024-03-12', 1),
(950, '59000', 'Bernard', 'Sophie', '0679929909', 'sophie.bernard950@email.com', '2023-05-25', '2025-06-05', 4),
(951, '59000', 'Leroy', 'Emma', '0664912458', 'emma.leroy951@email.com', '2022-06-24', '2025-12-02', 3),
(952, '13001', 'Bernard', 'Sophie', '0671891673', 'sophie.bernard952@email.com', '2023-02-06', '2024-04-16', 1),
(953, '31000', 'Dupont', 'Pierre', '0691214050', 'pierre.dupont953@email.com', '2021-11-26', '2025-07-05', 5),
(954, '35000', 'Martin', 'Julien', '0624316695', 'julien.martin954@email.com', '2022-08-03', '2025-10-19', 4),
(955, '75001', 'Richard', 'Julien', '0616132356', 'julien.richard955@email.com', '2023-08-06', '2024-10-28', 3),
(956, '44000', 'Bernard', 'Pierre', '0686454356', 'pierre.bernard956@email.com', '2021-04-26', '2025-01-23', 5),
(957, '67000', 'Dupont', 'Louis', '0629773361', 'louis.dupont957@email.com', '2021-04-26', '2024-04-01', 1),
(958, '59000', 'Petit', 'Louis', '0690278508', 'louis.petit958@email.com', '2022-07-22', '2025-04-23', 4),
(959, '69001', 'Martin', 'Emma', '0634950356', 'emma.martin959@email.com', '2022-08-11', '2025-05-04', 2),
(960, '35000', 'Bernard', 'Jean', '0633724690', 'jean.bernard960@email.com', '2021-03-10', '2025-03-28', 4),
(961, '69001', 'Martin', 'Paul', '0664834197', 'paul.martin961@email.com', '2021-11-06', '2025-08-02', 3),
(962, '69001', 'Richard', 'Nicolas', '0671938562', 'nicolas.richard962@email.com', '2021-04-18', '2025-09-03', 3),
(963, '06000', 'Thomas', 'Paul', '0668410538', 'paul.thomas963@email.com', '2023-08-04', '2025-02-18', 5),
(964, '44000', 'Dupont', 'Emma', '0691625622', 'emma.dupont964@email.com', '2021-04-10', '2025-10-10', 5),
(965, '67000', 'Petit', 'Lucie', '0632276035', 'lucie.petit965@email.com', '2022-01-11', '2025-05-20', 1),
(966, '67000', 'Thomas', 'Jean', '0647792218', 'jean.thomas966@email.com', '2021-05-24', '2025-09-04', 2),
(967, '59000', 'Thomas', 'Pierre', '0691278982', 'pierre.thomas967@email.com', '2021-05-14', '2025-02-10', 1),
(968, '59000', 'Bernard', 'Marie', '0655616303', 'marie.bernard968@email.com', '2021-07-06', '2024-07-18', 3),
(969, '31000', 'Robert', 'Marie', '0658787133', 'marie.robert969@email.com', '2023-09-28', '2025-12-17', 5),
(970, '69001', 'Dupont', 'Emma', '0676693057', 'emma.dupont970@email.com', '2022-11-10', '2024-02-23', 2),
(971, '35000', 'Petit', 'Louis', '0618040682', 'louis.petit971@email.com', '2022-10-23', '2025-08-10', 5),
(972, '44000', 'Martin', 'Louis', '0627053137', 'louis.martin972@email.com', '2021-01-07', '2024-11-27', 1),
(973, '44000', 'Bernard', 'Louis', '0664361417', 'louis.bernard973@email.com', '2021-08-11', '2025-11-20', 4),
(974, '06000', 'Martin', 'Emma', '0687861037', 'emma.martin974@email.com', '2021-02-01', '2024-05-28', 3),
(975, '13001', 'Bernard', 'Sophie', '0633450315', 'sophie.bernard975@email.com', '2022-04-17', '2025-04-28', 1),
(976, '67000', 'Leroy', 'Nicolas', '0654767200', 'nicolas.leroy976@email.com', '2022-06-23', '2025-02-24', 4),
(977, '75001', 'Durand', 'Nicolas', '0636619807', 'nicolas.durand977@email.com', '2023-12-18', '2025-12-07', 2),
(978, '13001', 'Durand', 'Jean', '0689336376', 'jean.durand978@email.com', '2022-10-06', '2024-05-11', 4),
(979, '31000', 'Dupont', 'Lucie', '0668372610', 'lucie.dupont979@email.com', '2023-03-03', '2024-06-21', 1),
(980, '69001', 'Durand', 'Emma', '0694543036', 'emma.durand980@email.com', '2023-04-07', '2025-03-23', 1),
(981, '75001', 'Dupont', 'Nicolas', '0675845044', 'nicolas.dupont981@email.com', '2023-04-06', '2024-05-21', 3),
(982, '69001', 'Dubois', 'Paul', '0653093330', 'paul.dubois982@email.com', '2022-05-19', '2025-05-02', 1),
(983, '33000', 'Leroy', 'Paul', '0652746155', 'paul.leroy983@email.com', '2023-03-24', '2024-03-26', 4),
(984, '31000', 'Richard', 'Nicolas', '0641643040', 'nicolas.richard984@email.com', '2023-09-18', '2025-11-04', 3),
(985, '67000', 'Petit', 'Marie', '0680382939', 'marie.petit985@email.com', '2023-04-17', '2025-07-08', 3),
(986, '69001', 'Thomas', 'Sophie', '0633807896', 'sophie.thomas986@email.com', '2023-05-23', '2024-02-01', 3),
(987, '06000', 'Dubois', 'Paul', '0688376800', 'paul.dubois987@email.com', '2023-05-04', '2024-07-13', 4),
(988, '33000', 'Dupont', 'Julien', '0621531592', 'julien.dupont988@email.com', '2021-02-18', '2025-10-08', 1),
(989, '69001', 'Durand', 'Louis', '0667227783', 'louis.durand989@email.com', '2022-10-10', '2024-08-03', 5),
(990, '06000', 'Dupont', 'Marie', '0657956877', 'marie.dupont990@email.com', '2023-10-05', '2024-12-24', 4),
(991, '33000', 'Robert', 'Marie', '0619920456', 'marie.robert991@email.com', '2023-08-14', '2024-10-28', 5),
(992, '33000', 'Thomas', 'Julien', '0660160227', 'julien.thomas992@email.com', '2023-06-23', '2024-12-09', 4),
(993, '59000', 'Leroy', 'Lucie', '0610211867', 'lucie.leroy993@email.com', '2022-08-20', '2025-10-14', 3),
(994, '44000', 'Richard', 'Marie', '0681903759', 'marie.richard994@email.com', '2022-12-17', '2024-01-18', 4),
(995, '44000', 'Durand', 'Sophie', '0658571570', 'sophie.durand995@email.com', '2021-08-19', '2024-09-23', 4),
(996, '75001', 'Dubois', 'Nicolas', '0628792190', 'nicolas.dubois996@email.com', '2023-07-18', '2025-12-25', 2),
(997, '59000', 'Robert', 'Pierre', '0654825083', 'pierre.robert997@email.com', '2021-06-22', '2024-02-24', 4),
(998, '67000', 'Petit', 'Lucie', '0699574294', 'lucie.petit998@email.com', '2022-09-14', '2024-12-18', 1),
(999, '59000', 'Robert', 'Paul', '0643898958', 'paul.robert999@email.com', '2022-04-09', '2024-12-19', 4),
(1000, '35000', 'Petit', 'Sophie', '0612319270', 'sophie.petit1000@email.com', '2021-12-21', '2025-02-08', 5);

-- Insertion des activités sportives
INSERT INTO Activité_sportive (Nom_activité, Description) VALUES
('Musculation', 'Description de Musculation'),
('Cardio', 'Description de Cardio'),
('Yoga', 'Description de Yoga'),
('Natation', 'Description de Natation'),
('Boxe', 'Description de Boxe'),
('Pilates', 'Description de Pilates');

-- Insertion des relations Disposer
INSERT INTO Disposer (Id_adhérent, Code_postal) VALUES
(1, '31000'),
(2, '69001'),
(3, '59000'),
(4, '67000'),
(5, '59000'),
(6, '06000'),
(7, '67000'),
(8, '35000'),
(9, '35000'),
(10, '33000'),
(11, '31000'),
(12, '06000'),
(13, '59000'),
(14, '69001'),
(15, '67000'),
(16, '75001'),
(17, '35000'),
(18, '35000'),
(19, '35000'),
(20, '35000'),
(21, '35000'),
(22, '06000'),
(23, '67000'),
(24, '67000'),
(25, '31000'),
(26, '67000'),
(27, '13001'),
(28, '75001'),
(29, '59000'),
(30, '31000'),
(31, '44000'),
(32, '69001'),
(33, '35000'),
(34, '13001'),
(35, '59000'),
(36, '33000'),
(37, '13001'),
(38, '69001'),
(39, '44000'),
(40, '31000'),
(41, '31000'),
(42, '31000'),
(43, '44000'),
(44, '69001'),
(45, '31000'),
(46, '33000'),
(47, '31000'),
(48, '35000'),
(49, '33000'),
(50, '35000'),
(51, '31000'),
(52, '67000'),
(53, '31000'),
(54, '06000'),
(55, '75001'),
(56, '75001'),
(57, '44000'),
(58, '59000'),
(59, '06000'),
(60, '75001'),
(61, '59000'),
(62, '13001'),
(63, '44000'),
(64, '35000'),
(65, '33000'),
(66, '31000'),
(67, '59000'),
(68, '33000'),
(69, '33000'),
(70, '69001'),
(71, '44000'),
(72, '59000'),
(73, '75001'),
(74, '35000'),
(75, '13001'),
(76, '69001'),
(77, '06000'),
(78, '35000'),
(79, '67000'),
(80, '35000'),
(81, '59000'),
(82, '31000'),
(83, '67000'),
(84, '44000'),
(85, '13001'),
(86, '13001'),
(87, '67000'),
(88, '44000'),
(89, '06000'),
(90, '06000'),
(91, '33000'),
(92, '06000'),
(93, '75001'),
(94, '75001'),
(95, '35000'),
(96, '44000'),
(97, '69001'),
(98, '69001'),
(99, '13001'),
(100, '67000'),
(101, '69001'),
(102, '75001'),
(103, '59000'),
(104, '31000'),
(105, '44000'),
(106, '44000'),
(107, '67000'),
(108, '44000'),
(109, '06000'),
(110, '35000'),
(111, '33000'),
(112, '75001'),
(113, '31000'),
(114, '44000'),
(115, '33000'),
(116, '33000'),
(117, '75001'),
(118, '33000'),
(119, '31000'),
(120, '44000'),
(121, '06000'),
(122, '59000'),
(123, '69001'),
(124, '67000'),
(125, '59000'),
(126, '31000'),
(127, '44000'),
(128, '33000'),
(129, '69001'),
(130, '69001'),
(131, '35000'),
(132, '06000'),
(133, '06000'),
(134, '13001'),
(135, '35000'),
(136, '75001'),
(137, '75001'),
(138, '13001'),
(139, '31000'),
(140, '13001'),
(141, '75001'),
(142, '75001'),
(143, '13001'),
(144, '13001'),
(145, '59000'),
(146, '67000'),
(147, '33000'),
(148, '35000'),
(149, '75001'),
(150, '69001'),
(151, '44000'),
(152, '35000'),
(153, '44000'),
(154, '67000'),
(155, '44000'),
(156, '35000'),
(157, '67000'),
(158, '44000'),
(159, '31000'),
(160, '75001'),
(161, '31000'),
(162, '13001'),
(163, '59000'),
(164, '06000'),
(165, '59000'),
(166, '33000'),
(167, '35000'),
(168, '75001'),
(169, '31000'),
(170, '35000'),
(171, '35000'),
(172, '35000'),
(173, '13001'),
(174, '06000'),
(175, '35000'),
(176, '35000'),
(177, '31000'),
(178, '59000'),
(179, '31000'),
(180, '75001'),
(181, '75001'),
(182, '75001'),
(183, '35000'),
(184, '69001'),
(185, '67000'),
(186, '69001'),
(187, '44000'),
(188, '06000'),
(189, '13001'),
(190, '13001'),
(191, '35000'),
(192, '69001'),
(193, '67000'),
(194, '75001'),
(195, '33000'),
(196, '33000'),
(197, '44000'),
(198, '06000'),
(199, '59000'),
(200, '44000'),
(201, '59000'),
(202, '35000'),
(203, '44000'),
(204, '06000'),
(205, '75001'),
(206, '44000'),
(207, '44000'),
(208, '35000'),
(209, '69001'),
(210, '13001'),
(211, '33000'),
(212, '44000'),
(213, '44000'),
(214, '31000'),
(215, '33000'),
(216, '67000'),
(217, '06000'),
(218, '75001'),
(219, '13001'),
(220, '69001'),
(221, '75001'),
(222, '33000'),
(223, '67000'),
(224, '59000'),
(225, '31000'),
(226, '13001'),
(227, '31000'),
(228, '35000'),
(229, '35000'),
(230, '75001'),
(231, '35000'),
(232, '31000'),
(233, '31000'),
(234, '31000'),
(235, '35000'),
(236, '35000'),
(237, '35000'),
(238, '31000'),
(239, '67000'),
(240, '31000'),
(241, '35000'),
(242, '33000'),
(243, '44000'),
(244, '06000'),
(245, '59000'),
(246, '06000'),
(247, '35000'),
(248, '67000'),
(249, '33000'),
(250, '75001'),
(251, '33000'),
(252, '67000'),
(253, '44000'),
(254, '31000'),
(255, '59000'),
(256, '13001'),
(257, '33000'),
(258, '06000'),
(259, '44000'),
(260, '35000'),
(261, '75001'),
(262, '13001'),
(263, '13001'),
(264, '69001'),
(265, '13001'),
(266, '33000'),
(267, '75001'),
(268, '69001'),
(269, '35000'),
(270, '44000'),
(271, '35000'),
(272, '67000'),
(273, '13001'),
(274, '59000'),
(275, '44000'),
(276, '31000'),
(277, '44000'),
(278, '59000'),
(279, '69001'),
(280, '75001'),
(281, '44000'),
(282, '06000'),
(283, '67000'),
(284, '13001'),
(285, '69001'),
(286, '67000'),
(287, '59000'),
(288, '35000'),
(289, '33000'),
(290, '35000'),
(291, '31000'),
(292, '33000'),
(293, '67000'),
(294, '59000'),
(295, '33000'),
(296, '67000'),
(297, '67000'),
(298, '59000'),
(299, '67000'),
(300, '75001'),
(301, '67000'),
(302, '31000'),
(303, '75001'),
(304, '06000'),
(305, '44000'),
(306, '33000'),
(307, '35000'),
(308, '75001'),
(309, '44000'),
(310, '13001'),
(311, '35000'),
(312, '35000'),
(313, '75001'),
(314, '33000'),
(315, '13001'),
(316, '67000'),
(317, '69001'),
(318, '44000'),
(319, '59000'),
(320, '35000'),
(321, '31000'),
(322, '06000'),
(323, '33000'),
(324, '35000'),
(325, '67000'),
(326, '33000'),
(327, '31000'),
(328, '44000'),
(329, '59000'),
(330, '31000'),
(331, '33000'),
(332, '67000'),
(333, '33000'),
(334, '44000'),
(335, '06000'),
(336, '06000'),
(337, '44000'),
(338, '35000'),
(339, '13001'),
(340, '69001'),
(341, '31000'),
(342, '35000'),
(343, '35000'),
(344, '31000'),
(345, '67000'),
(346, '69001'),
(347, '44000'),
(348, '06000'),
(349, '67000'),
(350, '67000'),
(351, '69001'),
(352, '44000'),
(353, '75001'),
(354, '33000'),
(355, '13001'),
(356, '44000'),
(357, '13001'),
(358, '31000'),
(359, '69001'),
(360, '13001'),
(361, '06000'),
(362, '33000'),
(363, '33000'),
(364, '67000'),
(365, '67000'),
(366, '31000'),
(367, '44000'),
(368, '67000'),
(369, '75001'),
(370, '13001'),
(371, '31000'),
(372, '67000'),
(373, '59000'),
(374, '06000'),
(375, '33000'),
(376, '59000'),
(377, '75001'),
(378, '31000'),
(379, '59000'),
(380, '13001'),
(381, '44000'),
(382, '67000'),
(383, '75001'),
(384, '59000'),
(385, '31000'),
(386, '75001'),
(387, '35000'),
(388, '69001'),
(389, '31000'),
(390, '06000'),
(391, '75001'),
(392, '69001'),
(393, '69001'),
(394, '67000'),
(395, '67000'),
(396, '31000'),
(397, '67000'),
(398, '13001'),
(399, '67000'),
(400, '67000'),
(401, '44000'),
(402, '35000'),
(403, '69001'),
(404, '13001'),
(405, '06000'),
(406, '44000'),
(407, '59000'),
(408, '59000'),
(409, '06000'),
(410, '67000'),
(411, '44000'),
(412, '06000'),
(413, '13001'),
(414, '75001'),
(415, '59000'),
(416, '67000'),
(417, '33000'),
(418, '13001'),
(419, '75001'),
(420, '59000'),
(421, '31000'),
(422, '06000'),
(423, '67000'),
(424, '75001'),
(425, '35000'),
(426, '69001'),
(427, '33000'),
(428, '35000'),
(429, '13001'),
(430, '06000'),
(431, '33000'),
(432, '13001'),
(433, '13001'),
(434, '35000'),
(435, '35000'),
(436, '44000'),
(437, '59000'),
(438, '44000'),
(439, '06000'),
(440, '75001'),
(441, '67000'),
(442, '67000'),
(443, '06000'),
(444, '35000'),
(445, '44000'),
(446, '35000'),
(447, '59000'),
(448, '06000'),
(449, '67000'),
(450, '69001'),
(451, '67000'),
(452, '33000'),
(453, '69001'),
(454, '67000'),
(455, '59000'),
(456, '33000'),
(457, '59000'),
(458, '44000'),
(459, '75001'),
(460, '33000'),
(461, '75001'),
(462, '69001'),
(463, '69001'),
(464, '69001'),
(465, '69001'),
(466, '13001'),
(467, '75001'),
(468, '06000'),
(469, '33000'),
(470, '06000'),
(471, '67000'),
(472, '33000'),
(473, '67000'),
(474, '44000'),
(475, '06000'),
(476, '13001'),
(477, '31000'),
(478, '33000'),
(479, '35000'),
(480, '59000'),
(481, '44000'),
(482, '44000'),
(483, '59000'),
(484, '06000'),
(485, '13001'),
(486, '75001'),
(487, '69001'),
(488, '59000'),
(489, '31000'),
(490, '33000'),
(491, '35000'),
(492, '69001'),
(493, '59000'),
(494, '35000'),
(495, '59000'),
(496, '31000'),
(497, '31000'),
(498, '33000'),
(499, '33000'),
(500, '31000'),
(501, '06000'),
(502, '35000'),
(503, '69001'),
(504, '33000'),
(505, '13001'),
(506, '69001'),
(507, '75001'),
(508, '35000'),
(509, '31000'),
(510, '67000'),
(511, '31000'),
(512, '13001'),
(513, '06000'),
(514, '06000'),
(515, '13001'),
(516, '13001'),
(517, '31000'),
(518, '44000'),
(519, '69001'),
(520, '31000'),
(521, '59000'),
(522, '59000'),
(523, '44000'),
(524, '06000'),
(525, '59000'),
(526, '06000'),
(527, '44000'),
(528, '69001'),
(529, '33000'),
(530, '59000'),
(531, '13001'),
(532, '31000'),
(533, '75001'),
(534, '31000'),
(535, '13001'),
(536, '44000'),
(537, '67000'),
(538, '69001'),
(539, '33000'),
(540, '06000'),
(541, '33000'),
(542, '31000'),
(543, '13001'),
(544, '69001'),
(545, '69001'),
(546, '06000'),
(547, '44000'),
(548, '69001'),
(549, '33000'),
(550, '31000'),
(551, '75001'),
(552, '35000'),
(553, '67000'),
(554, '44000'),
(555, '35000'),
(556, '33000'),
(557, '59000'),
(558, '13001'),
(559, '13001'),
(560, '33000'),
(561, '59000'),
(562, '13001'),
(563, '59000'),
(564, '06000'),
(565, '31000'),
(566, '35000'),
(567, '33000'),
(568, '67000'),
(569, '35000'),
(570, '33000'),
(571, '44000'),
(572, '06000'),
(573, '31000'),
(574, '06000'),
(575, '35000'),
(576, '69001'),
(577, '75001'),
(578, '69001'),
(579, '59000'),
(580, '75001'),
(581, '06000'),
(582, '31000'),
(583, '06000'),
(584, '35000'),
(585, '67000'),
(586, '44000'),
(587, '06000'),
(588, '13001'),
(589, '33000'),
(590, '69001'),
(591, '06000'),
(592, '06000'),
(593, '75001'),
(594, '75001'),
(595, '31000'),
(596, '06000'),
(597, '75001'),
(598, '69001'),
(599, '35000'),
(600, '59000'),
(601, '69001'),
(602, '44000'),
(603, '33000'),
(604, '35000'),
(605, '44000'),
(606, '31000'),
(607, '31000'),
(608, '13001'),
(609, '59000'),
(610, '67000'),
(611, '69001'),
(612, '13001'),
(613, '75001'),
(614, '67000'),
(615, '13001'),
(616, '33000'),
(617, '59000'),
(618, '59000'),
(619, '69001'),
(620, '44000'),
(621, '33000'),
(622, '31000'),
(623, '35000'),
(624, '69001'),
(625, '59000'),
(626, '69001'),
(627, '06000'),
(628, '67000'),
(629, '44000'),
(630, '13001'),
(631, '13001'),
(632, '59000'),
(633, '67000'),
(634, '33000'),
(635, '44000'),
(636, '67000'),
(637, '35000'),
(638, '33000'),
(639, '44000'),
(640, '69001'),
(641, '75001'),
(642, '44000'),
(643, '13001'),
(644, '13001'),
(645, '06000'),
(646, '33000'),
(647, '44000'),
(648, '67000'),
(649, '67000'),
(650, '59000'),
(651, '75001'),
(652, '06000'),
(653, '35000'),
(654, '67000'),
(655, '13001'),
(656, '31000'),
(657, '35000'),
(658, '31000'),
(659, '75001'),
(660, '69001'),
(661, '06000'),
(662, '44000'),
(663, '13001'),
(664, '13001'),
(665, '59000'),
(666, '06000'),
(667, '44000'),
(668, '06000'),
(669, '33000'),
(670, '13001'),
(671, '44000'),
(672, '75001'),
(673, '31000'),
(674, '69001'),
(675, '59000'),
(676, '59000'),
(677, '75001'),
(678, '69001'),
(679, '06000'),
(680, '44000'),
(681, '59000'),
(682, '44000'),
(683, '13001'),
(684, '13001'),
(685, '69001'),
(686, '13001'),
(687, '33000'),
(688, '13001'),
(689, '06000'),
(690, '67000'),
(691, '75001'),
(692, '33000'),
(693, '75001'),
(694, '59000'),
(695, '44000'),
(696, '44000'),
(697, '67000'),
(698, '75001'),
(699, '67000'),
(700, '59000'),
(701, '59000'),
(702, '59000'),
(703, '13001'),
(704, '31000'),
(705, '69001'),
(706, '44000'),
(707, '31000'),
(708, '69001'),
(709, '06000'),
(710, '44000'),
(711, '06000'),
(712, '31000'),
(713, '31000'),
(714, '31000'),
(715, '35000'),
(716, '33000'),
(717, '31000'),
(718, '35000'),
(719, '31000'),
(720, '06000'),
(721, '75001'),
(722, '59000'),
(723, '06000'),
(724, '35000'),
(725, '31000'),
(726, '59000'),
(727, '33000'),
(728, '13001'),
(729, '59000'),
(730, '67000'),
(731, '06000'),
(732, '33000'),
(733, '44000'),
(734, '06000'),
(735, '13001'),
(736, '33000'),
(737, '35000'),
(738, '31000'),
(739, '75001'),
(740, '33000'),
(741, '44000'),
(742, '59000'),
(743, '35000'),
(744, '31000'),
(745, '13001'),
(746, '35000'),
(747, '67000'),
(748, '13001'),
(749, '31000'),
(750, '06000'),
(751, '06000'),
(752, '31000'),
(753, '33000'),
(754, '35000'),
(755, '67000'),
(756, '33000'),
(757, '06000'),
(758, '13001'),
(759, '75001'),
(760, '59000'),
(761, '75001'),
(762, '44000'),
(763, '35000'),
(764, '31000'),
(765, '06000'),
(766, '35000'),
(767, '35000'),
(768, '75001'),
(769, '13001'),
(770, '75001'),
(771, '44000'),
(772, '06000'),
(773, '33000'),
(774, '67000'),
(775, '69001'),
(776, '67000'),
(777, '59000'),
(778, '13001'),
(779, '67000'),
(780, '06000'),
(781, '44000'),
(782, '69001'),
(783, '31000'),
(784, '75001'),
(785, '44000'),
(786, '67000'),
(787, '06000'),
(788, '67000'),
(789, '06000'),
(790, '13001'),
(791, '33000'),
(792, '44000'),
(793, '67000'),
(794, '13001'),
(795, '13001'),
(796, '69001'),
(797, '13001'),
(798, '06000'),
(799, '44000'),
(800, '13001'),
(801, '35000'),
(802, '67000'),
(803, '59000'),
(804, '06000'),
(805, '69001'),
(806, '75001'),
(807, '59000'),
(808, '06000'),
(809, '06000'),
(810, '75001'),
(811, '35000'),
(812, '31000'),
(813, '13001'),
(814, '33000'),
(815, '67000'),
(816, '13001'),
(817, '67000'),
(818, '75001'),
(819, '06000'),
(820, '33000'),
(821, '44000'),
(822, '69001'),
(823, '59000'),
(824, '44000'),
(825, '69001'),
(826, '75001'),
(827, '13001'),
(828, '06000'),
(829, '06000'),
(830, '75001'),
(831, '75001'),
(832, '67000'),
(833, '75001'),
(834, '06000'),
(835, '59000'),
(836, '44000'),
(837, '31000'),
(838, '44000'),
(839, '31000'),
(840, '13001'),
(841, '33000'),
(842, '13001'),
(843, '35000'),
(844, '67000'),
(845, '69001'),
(846, '31000'),
(847, '35000'),
(848, '44000'),
(849, '67000'),
(850, '59000'),
(851, '69001'),
(852, '35000'),
(853, '69001'),
(854, '67000'),
(855, '13001'),
(856, '59000'),
(857, '67000'),
(858, '75001'),
(859, '35000'),
(860, '13001'),
(861, '75001'),
(862, '33000'),
(863, '44000'),
(864, '75001'),
(865, '13001'),
(866, '31000'),
(867, '33000'),
(868, '35000'),
(869, '44000'),
(870, '67000'),
(871, '06000'),
(872, '06000'),
(873, '13001'),
(874, '13001'),
(875, '69001'),
(876, '75001'),
(877, '33000'),
(878, '75001'),
(879, '35000'),
(880, '35000'),
(881, '35000'),
(882, '67000'),
(883, '31000'),
(884, '06000'),
(885, '13001'),
(886, '35000'),
(887, '44000'),
(888, '31000'),
(889, '31000'),
(890, '59000'),
(891, '44000'),
(892, '06000'),
(893, '06000'),
(894, '31000'),
(895, '69001'),
(896, '06000'),
(897, '69001'),
(898, '06000'),
(899, '59000'),
(900, '75001'),
(901, '67000'),
(902, '13001'),
(903, '44000'),
(904, '33000'),
(905, '69001'),
(906, '59000'),
(907, '35000'),
(908, '33000'),
(909, '13001'),
(910, '35000'),
(911, '69001'),
(912, '35000'),
(913, '06000'),
(914, '69001'),
(915, '69001'),
(916, '67000'),
(917, '69001'),
(918, '35000'),
(919, '69001'),
(920, '67000'),
(921, '31000'),
(922, '69001'),
(923, '44000'),
(924, '33000'),
(925, '69001'),
(926, '59000'),
(927, '69001'),
(928, '31000'),
(929, '35000'),
(930, '35000'),
(931, '67000'),
(932, '33000'),
(933, '33000'),
(934, '31000'),
(935, '44000'),
(936, '67000'),
(937, '75001'),
(938, '31000'),
(939, '59000'),
(940, '69001'),
(941, '75001'),
(942, '06000'),
(943, '75001'),
(944, '67000'),
(945, '67000'),
(946, '44000'),
(947, '33000'),
(948, '35000'),
(949, '67000'),
(950, '06000'),
(951, '35000'),
(952, '44000'),
(953, '13001'),
(954, '13001'),
(955, '35000'),
(956, '06000'),
(957, '75001'),
(958, '33000'),
(959, '06000'),
(960, '06000'),
(961, '13001'),
(962, '33000'),
(963, '31000'),
(964, '67000'),
(965, '44000'),
(966, '69001'),
(967, '67000'),
(968, '35000'),
(969, '75001'),
(970, '13001'),
(971, '33000'),
(972, '44000'),
(973, '67000'),
(974, '06000'),
(975, '31000'),
(976, '13001'),
(977, '13001'),
(978, '33000'),
(979, '69001'),
(980, '44000'),
(981, '13001'),
(982, '06000'),
(983, '44000'),
(984, '06000'),
(985, '69001'),
(986, '13001'),
(987, '06000'),
(988, '67000'),
(989, '06000'),
(990, '44000'),
(991, '67000'),
(992, '59000'),
(993, '67000'),
(994, '69001'),
(995, '31000'),
(996, '44000'),
(997, '59000'),
(998, '44000'),
(999, '44000'),
(1000, '75001');

-- Insertion des relations Dérouler
INSERT INTO Dérouler (Nom_activité, Num_salle) VALUES
('Musculation', 10),
('Cardio', 4),
('Yoga', 1),
('Natation', 1),
('Boxe', 8),
('Pilates', 2);

-- Insertion des relations Proposer (sans doublons)
INSERT INTO Proposer (Id_abonnements, Code_postal) VALUES
(2, '33000'),
(4, '75001'),
(4, '13001'),
(2, '69001'),
(1, '31000'),
(1, '35000'),
(1, '59000'),
(2, '35000'),
(1, '33000'),
(5, '44000'),
(3, '33000'),
(2, '13001'),
(3, '31000'),
(2, '31000'),
(4, '31000'),
(5, '13001'),
(3, '13001');



